Symbol,Company,SEC filings,GICS?Sector,Location of Headquarters
MMM,3M Co.,reports,Industrials,"St Paul, Minnesota"
ACE,ACE Limited,reports,Financials,"Zurich, Switzerland"
ABT,Abbott Laboratories,reports,Health Care,"North Chicago, Illinois"
ANF,Abercrombie & Fitch Company A,reports,Consumer Discretionary,"New Albany, Ohio"
ACN,Accenture,reports,Information Technology,"Dublin, Ireland"
ADBE,Adobe Systems Inc,reports,Information Technology,"San Jose, California"
AMD,Advanced Micro Devices,reports,Information Technology,"Sunnyvale, California"
AES,AES Corp,reports,Utilities,"Arlington, Virginia"
AET,Aetna Inc,reports,Health Care,"Hartford, Connecticut"
AFL,AFLAC Inc,reports,Financials,"Columbus, Georgia"
A,Agilent Technologies Inc,reports,Information Technology,"Santa Clara, California"
GAS,AGL Resources Inc.,reports,Utilities,"Atlanta, Georgia"
APD,Air Products & Chemicals Inc,reports,Materials,"Allentown, Pennsylvania"
ARG,Airgas Inc,reports,Materials,"Radnor Township, Pennsylvania"
AKAM,Akamai Technologies Inc,reports,Information Technology,"Cambridge, Massachusetts"
AA,Alcoa Inc,reports,Materials,"Pittsburgh, Pennsylvania"
ATI,Allegheny Technologies Inc,reports,Materials,"Pittsburgh, Pennsylvania"
AGN,Allergan Inc,reports,Health Care,"Irvine, California"
ALL,Allstate Corp,reports,Financials,"Northfield Township, Illinois"
ALTR,Altera Corp,reports,Information Technology,"San Jose, California"
MO,Altria Group Inc,reports,Consumer Staples,"Henrico County, Virginia"
AMZN,Amazon.com Inc,reports,Consumer Discretionary,"Seattle, Washington"
AEE,Ameren Corp,reports,Utilities,"St. Louis, Missouri"
AEP,American Electric Power,reports,Utilities,"Columbus, Ohio"
AXP,American Express Co,reports,Financials,"New York, New York"
AIG,American Intl Group Inc,reports,Financials,"New York, New York"
AMT,American Tower Corp A,reports,Telecommunications Services,"Boston, Massachusetts"
AMP,Ameriprise Financial,reports,Financials,"Minneapolis, Minnesota"
ABC,AmerisourceBergen Corp,reports,Health Care,"Chesterbrook, Pennsylvania"
AMGN,Amgen Inc,reports,Health Care,"Thousand Oaks, California"
APH,Amphenol Corp A,reports,Industrials,"Wallingford, Connecticut"
APC,Anadarko Petroleum Corp,reports,Energy,"The Woodlands, Texas"
ADI,Analog Devices Inc,reports,Information Technology,"Norwood, Massachusetts"
AON,Aon Corporation,reports,Financials,"Chicago, Illinois"
APA,Apache Corporation,reports,Energy,"Houston, Texas"
AIV,Apartment Investment & Mgmt,reports,Financials,"Denver, Colorado"
APOL,Apollo Group Inc,reports,Consumer Discretionary,"Phoenix, Arizona"
AAPL,Apple Inc.,reports,Information Technology,"Cupertino, California"
AMAT,Applied Materials Inc,reports,Information Technology,"Santa Clara, California"
ADM,Archer-Daniels-Midland Co,reports,Consumer Staples,"Decatur, Illinois"
AIZ,Assurant Inc,reports,Financials,"New York, New York"
T,AT&T Inc,reports,Telecommunications Services,"Dallas, Texas"
ADSK,Autodesk Inc,reports,Information Technology,"San Rafael, California"
ADP,Automatic Data Processing,reports,Information Technology,"Roseland, New Jersey"
AN,AutoNation Inc,reports,Consumer Discretionary,"Fort Lauderdale, Florida"
AZO,AutoZone Inc,reports,Consumer Discretionary,"Memphis, Tennessee"
AVB,"AvalonBay Communities, Inc.",reports,Financials,"Arlington, Virginia[1]"
AVY,Avery Dennison Corp,reports,Industrials,"Pasadena, California"
AVP,Avon Products,reports,Consumer Staples,"New York, New York"
BHI,Baker Hughes Inc,reports,Energy,"Houston, Texas"
BLL,Ball Corp,reports,Materials,"Broomfield, Colorado"
BAC,Bank of America Corp,reports,Financials,"Charlotte, North Carolina"
BK,The Bank of New York Mellon Corp.,reports,Financials,"New York, New York"
BCR,Bard (C.R.) Inc.,reports,Health Care,"Murray Hill, New Jersey"
BAX,Baxter International Inc.,reports,Health Care,"Deerfield, Illinois"
BBT,BB&T Corporation,reports,Financials,"Winston-Salem, North Carolina"
BDX,Becton Dickinson,reports,Health Care,"Franklin Lakes, New Jersey"
BBBY,Bed Bath & Beyond,reports,Consumer Discretionary,"Union, New Jersey"
BMS,Bemis Company,reports,Materials,"Neenah, Wisconsin"
BRK.B,Berkshire Hathaway,reports,Financials,"Omaha, Nebraska"
BBY,Best Buy Co. Inc.,reports,Consumer Discretionary,"Richfield, Minnesota"
BIG,Big Lots Inc.,reports,Consumer Discretionary,"Columbus, Ohio"
BIIB,BIOGEN IDEC Inc.,reports,Health Care,"Weston, Massachusetts"
BLK,Blackrock,reports,Financials,"New York, New York"
HRB,Block H&R,reports,Consumer Discretionary,"Kansas City, Missouri"
BMC,BMC Software,reports,Information Technology,"Houston, Texas"
BA,Boeing Company,reports,Industrials,"Chicago, Illinois"
BWA,BorgWarner,reports,Consumer Discretionary,"Auburn Hills, Michigan"
BXP,Boston Properties,reports,Financials,"Boston, Massachusetts"
BSX,Boston Scientific,reports,Health Care,"Natick, Massachusetts"
BMY,Bristol-Myers Squibb,reports,Health Care,"New York, New York"
BRCM,Broadcom Corporation,reports,Information Technology,"Irvine, California"
BF.B,Brown-Forman Corporation,reports,Consumer Staples,"Louisville, Kentucky"
CHRW,C. H. Robinson Worldwide,reports,Industrials,"Eden Prairie, Minnesota"
CA,"CA, Inc.",reports,Information Technology,"Islandia, New York"
CVC,Cablevision Systems Corp.,reports,Consumer Discretionary,"Bethpage, New York"
COG,Cabot Oil & Gas,reports,Energy,"Houston, Texas"
CAM,Cameron International Corp.,reports,Energy,"Houston, Texas"
CPB,Campbell Soup,reports,Consumer Staples,"Camden, New Jersey"
COF,Capital One Financial,reports,Financials,"Tysons Corner, Virginia"
CAH,Cardinal Health Inc.,reports,Health Care,"Dublin, Ohio"
CFN,Carefusion,reports,Health Care,"San Diego, California[2]"
KMX,Carmax Inc,reports,Consumer Discretionary,"Richmond, Virginia"
CCL,Carnival Corp.,reports,Consumer Discretionary,"Miami, Florida"
CAT,Caterpillar Inc.,reports,Industrials,"Peoria, Illinois"
CBG,CBRE Group,reports,Financials,"Los Angeles, California"
CBS,CBS Corp.,reports,Consumer Discretionary,"New York, New York"
CELG,Celgene Corp.,reports,Health Care,"Summit, New Jersey"
CNP,CenterPoint Energy,reports,Utilities,"Houston, Texas"
CTL,CenturyTel Inc,reports,Telecommunications Services,"Monroe, Louisiana"
CERN,Cerner,reports,Health Care,"North Kansas City, Missouri"
CF,CF Industries Holdings Inc,reports,Materials,"Deerfield, Illinois"
SCHW,Charles Schwab,reports,Financials,"San Francisco, California"
CHK,Chesapeake Energy,reports,Energy,"Oklahoma City, Oklahoma"
CVX,Chevron Corp.,reports,Energy,"San Ramon, California"
CB,Chubb Corp.,reports,Financials,"Warren, New Jersey"
CI,CIGNA Corp.,reports,Health Care,"Philadelphia, Pennsylvania"
CINF,Cincinnati Financial,reports,Financials,"Fairfield, Ohio"
CTAS,Cintas Corporation,reports,Industrials,"Mason, Ohio"
CSCO,Cisco Systems,reports,Information Technology,"San Jose, California"
C,Citigroup Inc.,reports,Financials,"New York, New York"
CTXS,Citrix Systems,reports,Information Technology,"Fort Lauderdale, Florida"
CLF,Cliffs Natural Resources,reports,Materials,"Cleveland, Ohio"
CLX,Clorox Co.,reports,Consumer Staples,"Oakland, California"
CME,CME Group Inc.,reports,Financials,"Chicago, Illinois"
CMS,CMS Energy,reports,Utilities,"Jackson, Michigan"
COH,Coach Inc.,reports,Consumer Discretionary,"New York, New York"
KO,Coca Cola Co.,reports,Consumer Staples,"Atlanta, Georgia"
CCE,Coca-Cola Enterprises,reports,Consumer Staples,"Atlanta, Georgia"
CTSH,Cognizant Technology Solutions,reports,Information Technology,"Teaneck, New Jersey"
CL,Colgate-Palmolive,reports,Consumer Staples,"New York, New York"
CMCSA,Comcast Corp.,reports,Consumer Discretionary,"Philadelphia, Pennsylvania"
CMA,Comerica Inc.,reports,Financials,"Dallas, Texas"
CSC,Computer Sciences Corp.,reports,Information Technology,"Falls Church, Virginia"
CPWR,Compuware Corp.,reports,Information Technology,"Detroit, Michigan"
CAG,ConAgra Foods Inc.,reports,Consumer Staples,"Omaha, Nebraska"
COP,ConocoPhillips,reports,Energy,"Houston, Texas"
CNX,CONSOL Energy Inc.,reports,Energy,"Cecil Township, Pennsylvania"
ED,Consolidated Edison,reports,Utilities,"New York, New York"
STZ,Constellation Brands,reports,Consumer Staples,"Victor, New York"
CEG,Constellation Energy Group,reports,Utilities,"Baltimore, Maryland"
GLW,Corning Inc.,reports,Industrials,"Corning, New York"
COST,Costco Co.,reports,Consumer Staples,"Issaquah, Washington"
CVH,Coventry Health Care Inc.,reports,Health Care,"Bethesda, Maryland"
COV,Covidien plc,reports,Health Care,"Dublin, Ireland"
CSX,CSX Corp.,reports,Industrials,"Jacksonville, Florida"
CMI,Cummins Inc.,reports,Industrials,"Columbus, Indiana"
CVS,CVS Caremark Corp.,reports,Consumer Staples,"Woonsocket, Rhode Island"
DHI,D. R. Horton,reports,Consumer Discretionary,"Fort Worth, Texas"
DHR,Danaher Corp.,reports,Industrials,Washington D.C
DRI,Darden Restaurants,reports,Consumer Discretionary,"Orlando, Florida"
DVA,DaVita Inc.,reports,Health Care,"Denver, Colorado"
DF,Dean Foods,reports,Consumer Staples,"Dallas, Texas"
DE,Deere & Co.,reports,Industrials,"Moline, Illinois"
DELL,Dell Inc.,reports,Information Technology,"Round Rock, Texas"
DNR,Denbury Resources Inc.,reports,Energy,"Plano, Texas[3]"
XRAY,Dentsply International,reports,Health Care,"York, Pennsylvania"
DVN,Devon Energy Corp.,reports,Energy,"Oklahoma City, Oklahoma"
DV,"DeVry, Inc.",reports,Consumer Discretionary,"Downers Grove, Illinois"
DO,Diamond Offshore Drilling,reports,Energy,"Houston, Texas"
DTV,DirecTV,reports,Consumer Discretionary,"El Segundo, California"
DFS,Discover Financial Services,reports,Financials,"Riverwoods, Illinois"
DISCA,Discovery Communications,reports,Consumer Discretionary,"Silver Spring, Maryland"
DLTR,Dollar Tree,reports,Consumer Discretionary,"Chesapeake, Virginia"
D,Dominion Resources,reports,Utilities,"Richmond, Virginia"
RRD,Donnelley (R.R.) & Sons,reports,Industrials,"Chicago, Illinois"
DOV,Dover Corp.,reports,Industrials,"Downers Grove, Illinois"
DOW,Dow Chemical,reports,Materials,"Midland, Michigan"
DPS,Dr Pepper Snapple Group,reports,Consumer Staples,"Plano, Texas"
DTE,DTE Energy Co.,reports,Utilities,"Detroit, Michigan"
DD,Du Pont (E.I.),reports,Materials,"Wilmington, Delaware"
DUK,Duke Energy,reports,Utilities,"Charlotte, North Carolina"
DNB,Dun & Bradstreet,reports,Industrials,"Short Hills, New Jersey"
ETFC,E-Trade,reports,Financials,"New York, New York"
EMN,Eastman Chemical,reports,Materials,"Kingsport, Tennessee"
ETN,Eaton Corp.,reports,Industrials,"Cleveland, Ohio"
EBAY,eBay Inc.,reports,Information Technology,"San Jose, California"
ECL,Ecolab Inc.,reports,Materials,"St. Paul, Minnesota"
EIX,Edison Int'l,reports,Utilities,"Rosemead, California"
EW,Edwards Lifesciences,reports,Health Care,"Irvine, California"
EP,El Paso Corp.,reports,Energy,"Houston, Texas"
EA,Electronic Arts,reports,Information Technology,"Redwood City, California"
EMC,EMC Corp.,reports,Information Technology,"Hopkinton, Massachusetts"
EMR,Emerson Electric,reports,Industrials,"Ferguson, Missouri"
ETR,Entergy Corp.,reports,Utilities,"New Orleans, Louisiana"
EOG,EOG Resources,reports,Energy,"Houston, Texas"
EQT,EQT Corporation,reports,Utilities,"Pittsburgh, Pennsylvania"
EFX,Equifax Inc.,reports,Financials,"Atlanta, Georgia"
EQR,Equity Residential,reports,Financials,"Chicago, Illinois"
EL,Estee Lauder Cos.,reports,Consumer Staples,"New York, New York"
EXC,Exelon Corp.,reports,Utilities,"Chicago, Illinois"
EXPE,Expedia Inc.,reports,Consumer Discretionary,"Bellevue, Washington"
EXPD,Expeditors Int'l,reports,Industrials,"Seattle, Washington"
ESRX,Express Scripts,reports,Health Care,"Cool Valley, Missouri"
XOM,Exxon Mobil Corp.,reports,Energy,"Irving, Texas"
FFIV,F5 Networks,reports,Information Technology,"Seattle, Washington"
FDO,Family Dollar Stores,reports,Consumer Discretionary,"Matthews, North Carolina"
FAST,Fastenal Co,reports,Industrials,"Winona, Minnesota"
FII,Federated Investors Inc.,reports,Financials,"Pittsburgh, Pennsylvania"
FDX,FedEx Corporation,reports,Industrials,"Memphis, Tennessee"
FIS,Fidelity National Information Services,reports,Information Technology,"Jacksonville, Florida"
FITB,Fifth Third Bancorp,reports,Financials,"Cincinnati, Ohio"
FHN,First Horizon National,reports,Financials,"Memphis, Tennessee"
FSLR,First Solar Inc,reports,Industrials,"Tempe, Arizona"
FE,FirstEnergy Corp,reports,Utilities,"Akron, Ohio"
FISV,Fiserv Inc,reports,Information Technology,"Brookfield, Wisconsin"
FLIR,FLIR Systems,reports,Information Technology,"Wilsonville, Oregon"
FLS,Flowserve Corporation,reports,Industrials,"Irving, Texas"
FLR,Fluor Corp.,reports,Industrials,"Irving, Texas"
FMC,FMC Corporation,reports,Materials,"Philadelphia, Pennsylvania"
FTI,FMC Technologies Inc.,reports,Energy,"Houston, Texas"
F,Ford Motor,reports,Consumer Discretionary,"Dearborn, Michigan"
FRX,Forest Laboratories,reports,Health Care,"New York, New York"
BEAM,Beam Inc.,reports,Consumer Discretionary,"Deerfield, Illinois"
BEN,Franklin Resources,reports,Financials,"San Mateo, California"
FCX,Freeport-McMoran Cp & Gld,reports,Materials,"Phoenix, Arizona"
FTR,Frontier Communications,reports,Telecommunications Services,"Stamford, Connecticut"
GME,GameStop Corp.,reports,Consumer Discretionary,"Grapevine, Texas"
GCI,Gannett Co.,reports,Consumer Discretionary,"McLean, Virginia"
GPS,Gap (The),reports,Consumer Discretionary,"San Francisco, California"
GD,General Dynamics,reports,Industrials,"Falls Church, Virginia"
GE,General Electric,reports,Industrials,"Fairfield, Connecticut"
GIS,General Mills,reports,Consumer Staples,"Golden Valley, Minnesota"
GPC,Genuine Parts,reports,Consumer Discretionary,"Atlanta, Georgia"
GNW,Genworth Financial Inc.,reports,Financials,"Richmond, Virginia"
GILD,Gilead Sciences,reports,Health Care,"Foster City, California"
GS,Goldman Sachs Group,reports,Financials,"New York, New York"
GR,Goodrich Corporation,reports,Industrials,"Charlotte, North Carolina"
GT,Goodyear Tire & Rubber,reports,Consumer Discretionary,"Akron, Ohio"
GOOG,Google Inc.,reports,Information Technology,"Mountain View, California"
GWW,Grainger (W.W.) Inc.,reports,Industrials,"Lake Forest, Illinois"
HAL,Halliburton Co.,reports,Energy,"Houston, Texas"
HOG,Harley-Davidson,reports,Consumer Discretionary,"Milwaukee, Wisconsin"
HAR,Harman Int'l Industries,reports,Consumer Discretionary,"Stamford, Connecticut"
HRS,Harris Corporation,reports,Information Technology,"Melbourne, Florida"
HIG,Hartford Financial Svc.Gp.,reports,Financials,"Hartford, Connecticut"
HAS,Hasbro Inc.,reports,Consumer Discretionary,"Pawtucket, Rhode Island"
HCP,HCP Inc.,reports,Financials,"Long Beach, California"
HCN,Health Care REIT,reports,Financials,"Toledo, Ohio[4]"
HNZ,Heinz (H.J.),reports,Consumer Staples,"Pittsburgh, Pennsylvania"
HP,Helmerich & Payne,reports,Energy,"Tulsa, Oklahoma[5]"
HES,Hess Corporation,reports,Energy,"New York, New York"
HPQ,Hewlett-Packard,reports,Information Technology,"Palo Alto, California"
HD,Home Depot,reports,Consumer Discretionary,"Cobb County, Georgia"
HON,Honeywell Int'l Inc.,reports,Industrials,"Morristown, New Jersey"
HRL,Hormel Foods Corp.,reports,Consumer Staples,"Austin, Minnesota"
HSP,Hospira Inc.,reports,Health Care,"Lake Forest, Illinois"
HST,Host Hotels & Resorts,reports,Financials,"Bethesda, Maryland"
HCBK,Hudson City Bancorp,reports,Financials,"Paramus, New Jersey"
HUM,Humana Inc.,reports,Health Care,"Louisville, Kentucky"
HBAN,Huntington Bancshares,reports,Financials,"Columbus, Ohio"
ITW,Illinois Tool Works,reports,Industrials,"Glenview, Illinois"
TEG,Integrys Energy Group Inc.,reports,Utilities,"Chicago, Illinois"
INTC,Intel Corp.,reports,Information Technology,"Santa Clara, California"
ICE,IntercontinentalExchange Inc.,reports,Financials,"Atlanta, Georgia"
IBM,International Bus. Machines,reports,Information Technology,"Armonk, New York"
IFF,International Flav/Frag,reports,Materials,"New York, New York"
IGT,International Game Technology,reports,Consumer Discretionary,"Reno, Nevada"
IP,International Paper,reports,Materials,"Memphis, Tennessee"
IPG,Interpublic Group,reports,Consumer Discretionary,"New York, New York"
INTU,Intuit Inc.,reports,Information Technology,"Mountain View, California"
ISRG,Intuitive Surgical Inc.,reports,Health Care,"Sunnyvale, California"
IVZ,Invesco Ltd.,reports,Financials,"Atlanta, Georgia"
IRM,Iron Mountain Incorporated,reports,Industrials,"Boston, Massachusetts"
XYL,Xylem Inc.,reports,Industrials,"White Plains, New York"
JBL,Jabil Circuit,reports,Information Technology,"St. Petersburg, Florida"
JEC,Jacobs Engineering Group,reports,Industrials,"Pasadena, California"
CBE,Cooper Industries,reports,Industrials,"Houston, Texas"
JDSU,JDS Uniphase Corp.,reports,Information Technology,"Milpitas, California"
JNJ,Johnson & Johnson,reports,Health Care,"New Brunswick, New Jersey"
JCI,Johnson Controls,reports,Consumer Discretionary,"Milwaukee, Wisconsin"
JOY,Joy Global Inc.,reports,Industrials,"Milwaukee, Wisconsin"
JPM,JPMorgan Chase & Co.,reports,Financials,"New York, New York"
JNPR,Juniper Networks,reports,Information Technology,"Sunnyvale, California"
K,Kellogg Co.,reports,Consumer Staples,"Battle Creek, Michigan"
KEY,KeyCorp,reports,Financials,"Cleveland, Ohio"
KMB,Kimberly-Clark,reports,Consumer Staples,"Irving, Texas"
KIM,Kimco Realty,reports,Financials,"New Hyde Park, New York"
KLAC,KLA-Tencor Corp.,reports,Information Technology,"Milpitas, California"
KSS,Kohl's Corp.,reports,Consumer Discretionary,"Menomonee Falls, Wisconsin"
KFT,Kraft Foods Inc-A,reports,Consumer Staples,"Northfield, Illinois"
KR,Kroger Co.,reports,Consumer Staples,"Cincinnati, Ohio"
LLL,L-3 Communications Holdings,reports,Industrials,"New York, New York"
LH,Laboratory Corp. of America Holding,reports,Health Care,"Burlington, North Carolina"
LM,Legg Mason,reports,Financials,"Baltimore, Maryland"
LEG,Leggett & Platt,reports,Consumer Discretionary,"Carthage, Missouri"
LEN,Lennar Corp.,reports,Consumer Discretionary,"Miami, Florida"
LUK,Leucadia National Corp.,reports,Financials,"New York, New York"
LXK,Lexmark Int'l Inc,reports,Information Technology,"Lexington, Kentucky"
LIFE,Life Technologies,reports,Health Care,"Carlsbad, California"
LLY,Lilly (Eli) & Co.,reports,Health Care,"Indianapolis, Indiana"
LTD,Limited Brands Inc.,reports,Consumer Discretionary,"Columbus, Ohio"
LNC,Lincoln National,reports,Financials,"Radnor, Pennsylvania"
LLTC,Linear Technology Corp.,reports,Information Technology,"Milpitas, California"
LMT,Lockheed Martin Corp.,reports,Industrials,"Bethesda, Maryland"
L,Loews Corp.,reports,Financials,"New York, New York"
LO,Lorillard Inc.,reports,Consumer Staples,"Greensboro, North Carolina"
LOW,Lowe's Cos.,reports,Consumer Discretionary,"North Wilkesboro, North Carolina"
LSI,LSI Corporation,reports,Information Technology,"Milpitas, California"
MTB,M&T Bank Corp.,reports,Financials,"Buffalo, New York"
M,Macy's Inc.,reports,Consumer Discretionary,"Cincinnati, Ohio"
MRO,Marathon Oil Corp.,reports,Energy,"Houston, Texas"
MPC,Marathon Petroleum,reports,Energy,"Findlay, Ohio"
MAR,Marriott Int'l.,reports,Consumer Discretionary,"Bethesda, Maryland"
MMC,Marsh & McLennan,reports,Financials,"New York, New York"
MAS,Masco Corp.,reports,Industrials,"Taylor, Michigan"
ANR,Alpha Natural Resources,reports,Energy,"Abingdon, Virginia"
MA,Mastercard Inc.,reports,Information Technology,"Harrison, New York"
MAT,Mattel Inc.,reports,Consumer Discretionary,"El Segundo, California"
MKC,McCormick & Co.,reports,Consumer Staples,"Sparks, Maryland"
MCD,McDonald's Corp.,reports,Consumer Discretionary,"Oak Brook, Illinois"
MHP,McGraw-Hill,reports,Consumer Discretionary,"New York, New York"
MCK,McKesson Corp.,reports,Health Care,"San Francisco, California"
MJN,Mead Johnson,reports,Consumer Staples,"Glenview, Illinois"
MWV,MeadWestvaco Corporation,reports,Materials,"Richmond, Virginia"
MHS,Medco Health Solutions Inc.,reports,Health Care,"Franklin Lakes, New Jersey"
MDT,Medtronic Inc.,reports,Health Care,"Fridley, Minnesota"
MRK,Merck & Co.,reports,Health Care,"Whitehouse Station, New Jersey"
MET,MetLife Inc.,reports,Financials,"New York, New York"
PCS,MetroPCS Communications Inc.,reports,Telecommunications Services,"Richardson, Texas"
MCHP,Microchip Technology,reports,Information Technology,"Chandler, Arizona"
MU,Micron Technology,reports,Information Technology,"Boise, Idaho"
MSFT,Microsoft Corp.,reports,Information Technology,"Redmond, Washington"
MOLX,Molex Inc.,reports,Information Technology,"Lisle, Illinois"
TAP,Molson Coors Brewing Company,reports,Consumer Staples,"Denver, Colorado"
MON,Monsanto Co.,reports,Materials,"Creve Coeur, Missouri"
MCO,Moody's Corp,reports,Financials,"New York, New York"
MS,Morgan Stanley,reports,Financials,"New York, New York"
MOS,The Mosaic Company,reports,Materials,"Plymouth, Minnesota"
MMI,Motorola Mobility Holdings Inc.,reports,Information Technology,"Libertyville, Illinois"
MSI,Motorola Solutions Inc.,reports,Information Technology,"Schaumburg, Illinois"
MUR,Murphy Oil,reports,Energy,"El Dorado, Arkansas"
MYL,Mylan Inc.,reports,Health Care,"Canonsburg, Pennsylvania"
NBR,Nabors Industries Ltd.,reports,Energy,"Hamilton, Bermuda"
NDAQ,NASDAQ OMX Group,reports,Financials,"New York, New York"
NOV,National Oilwell Varco Inc.,reports,Energy,"Houston, Texas"
NTAP,NetApp,reports,Information Technology,"Sunnyvale, California"
NFLX,NetFlix Inc.,reports,Information Technology,"Los Gatos, California"
NWL,Newell Rubbermaid Co.,reports,Consumer Discretionary,"Sandy Springs, Georgia"
NFX,Newfield Exploration Co,reports,Energy,"Houston, Texas"
NEM,Newmont Mining Corp. (Hldg. Co.),reports,Materials,"Denver, Colorado"
NWSA,News Corporation,reports,Consumer Discretionary,"New York, New York"
NEE,NextEra Energy Resources,reports,Utilities,"Juno Beach, Florida"
NKE,NIKE Inc.,reports,Consumer Discretionary,"Washington County, Oregon"
NI,NiSource Inc.,reports,Utilities,"Merrillville, Indiana"
NE,Noble Corp,reports,Energy,"Geneva, Switzerland"
NBL,Noble Energy Inc,reports,Energy,"Houston, Texas"
JWN,Nordstrom,reports,Consumer Discretionary,"Seattle, Washington"
NSC,Norfolk Southern Corp.,reports,Industrials,"Norfolk, Virginia"
NTRS,Northern Trust Corp.,reports,Financials,"Chicago, Illinois"
NOC,Northrop Grumman Corp.,reports,Industrials,"West Falls Church, Virginia"
NU,Northeast Utilities,reports,Utilities,"Berlin, Connecticut"
CMG,Chipotle Mexican Grill,reports,Consumer Discretionary,"Denver, Colorado"
NVLS,Novellus Systems,reports,Information Technology,"San Jose, California"
NRG,NRG Energy,reports,Utilities,"West Windsor Township, New Jersey"
NUE,Nucor Corp.,reports,Materials,"Charlotte, North Carolina"
NVDA,Nvidia Corporation,reports,Information Technology,"Santa Clara, California"
NYX,NYSE Euronext,reports,Financials,"New York, New York"
ORLY,O'Reilly Automotive,reports,Consumer Discretionary,"Springfield, Missouri"
OXY,Occidental Petroleum,reports,Energy,"Los Angeles, California"
OMC,Omnicom Group,reports,Consumer Discretionary,"New York, New York"
OKE,ONEOK,reports,Utilities,"Tulsa, Oklahoma"
ORCL,Oracle Corp.,reports,Information Technology,"Redwood Shores, California"
OI,Owens-Illinois Inc,reports,Materials,"Perrysburg, Ohio"
PCAR,PACCAR Inc.,reports,Industrials,"Bellevue, Washington"
IR,Ingersoll-Rand PLC,reports,Industrials,"Dublin, Ireland"
PLL,Pall Corp.,reports,Industrials,"Port Washington, New York"
PH,Parker-Hannifin,reports,Industrials,"Cleveland, Ohio"
PDCO,Patterson Companies,reports,Health Care,"St. Paul, Minnesota"
PAYX,Paychex Inc.,reports,Information Technology,"Penfield, New York"
BTU,Peabody Energy,reports,Energy,"St. Louis, Missouri"
JCP,Penney (J.C.),reports,Consumer Discretionary,"Plano, Texas"
PBCT,People's United Bank,reports,Financials,"Bridgeport, Connecticut"
POM,Pepco Holdings Inc.,reports,Utilities,Washington D.C
PEP,PepsiCo Inc.,reports,Consumer Staples,"Purchase, New York"
PKI,PerkinElmer,reports,Health Care,"Waltham, Massachusetts"
PRGO,Perrigo,reports,Health Care,"Allegan, Michigan"
PFE,Pfizer Inc.,reports,Health Care,"New York, New York"
PCG,PG&E Corp.,reports,Utilities,"San Francisco, California"
PM,Philip Morris International,reports,Consumer Staples,"New York, New York"
PNW,Pinnacle West Capital,reports,Utilities,"Phoenix, Arizona"
PXD,Pioneer Natural Resources,reports,Energy,"Irving, Texas"
PBI,Pitney-Bowes,reports,Industrials,"Stamford, Connecticut"
PCL,Plum Creek Timber Co.,reports,Financials,"Seattle, Washington"
PNC,PNC Financial Services,reports,Financials,"Pittsburgh, Pennsylvania"
RL,Polo Ralph Lauren Corp.,reports,Consumer Discretionary,"New York, New York"
PPG,PPG Industries,reports,Materials,"Pittsburgh, Pennsylvania"
PPL,PPL Corp.,reports,Utilities,"Allentown, Pennsylvania"
PX,Praxair Inc.,reports,Materials,"Danbury, Connecticut"
PCP,Precision Castparts,reports,Industrials,"Portland, Oregon"
PCLN,Priceline.com Inc,reports,Industrials,"Norwalk, Connecticut"
PFG,Principal Financial Group,reports,Financials,"Des Moines, Iowa"
PG,Procter & Gamble,reports,Consumer Staples,"Cincinnati, Ohio"
PGN,Progress Energy Inc.,reports,Utilities,"Raleigh, North Carolina"
PGR,Progressive Corp.,reports,Financials,"Mayfield Village, Ohio"
PLD,ProLogis,reports,Financials,"Denver, Colorado"
PRU,Prudential Financial,reports,Financials,"Newark, New Jersey"
PEG,Public Serv. Enterprise Inc.,reports,Utilities,"Newark, New Jersey"
PSA,Public Storage,reports,Financials,"Glendale, California"
PHM,Pulte Homes Inc.,reports,Consumer Discretionary,"Bloomfield Hills, Michigan"
QEP,QEP Resources,reports,Utilities,"Denver, Colorado[6]"
PWR,Quanta Services Inc.,reports,Industrials,"Houston, Texas"
QCOM,QUALCOMM Inc.,reports,Information Technology,"San Diego, California"
DGX,Quest Diagnostics,reports,Health Care,"Madison, New Jersey"
RRC,Range Resources Corp.,reports,Energy,"Fort Worth, Texas"
RTN,Raytheon Co.,reports,Industrials,"Waltham, Massachusetts"
RHT,Red Hat Inc.,reports,Information Technology,"Raleigh, North Carolina"
RF,Regions Financial Corp.,reports,Financials,"Birmingham, Alabama"
RSG,Republic Services Inc,reports,Industrials,"Phoenix, Arizona"
RAI,Reynolds American Inc.,reports,Consumer Staples,"Winston-Salem, North Carolina"
RHI,Robert Half International,reports,Industrials,"Menlo Park, California"
ROK,Rockwell Automation Inc.,reports,Industrials,"Milwaukee, Wisconsin"
COL,Rockwell Collins,reports,Industrials,"Cedar Rapids, Iowa"
ROP,Roper Industries,reports,Industrials,"Sarasota, Florida"
ROST,Ross Stores Inc.,reports,Consumer Discretionary,"Pleasanton, California"
RDC,Rowan Cos.,reports,Energy,"Houston, Texas"
R,Ryder System,reports,Industrials,"Miami, Florida"
SWY,Safeway Inc.,reports,Consumer Staples,"Pleasanton, California"
SAI,SAIC,reports,Information Technology,"McLean, Virginia"
CRM,Salesforce.com,reports,Information Technology,"San Francisco, California"
SNDK,SanDisk Corporation,reports,Information Technology,"Milpitas, California"
SLE,Sara Lee Corp.,reports,Consumer Staples,"Downers Grove, Illinois"
SCG,SCANA Corp,reports,Utilities,"Cayce, South Carolina"
SLB,Schlumberger Ltd.,reports,Energy,"Houston, Texas"
SNI,Scripps Networks Interactive Inc.,reports,Consumer Discretionary,"Cincinnati, Ohio"
SEE,Sealed Air Corp.(New),reports,Materials,"Elmwood Park, New Jersey"
SHLD,Sears Holdings Corporation,reports,Consumer Discretionary,"Hoffman Estates, Illinois"
SRE,Sempra Energy,reports,Utilities,"San Diego, California"
SHW,Sherwin-Williams,reports,Consumer Discretionary,"Cleveland, Ohio"
SIAL,Sigma-Aldrich,reports,Materials,"St. Louis, Missouri"
SPG,Simon Property Group Inc,reports,Financials,"Indianapolis, Indiana"
SLM,SLM Corporation,reports,Financials,"Newark, Delaware"
SJM,Smucker (J.M.),reports,Consumer Staples,"Orrville, Ohio"
SNA,Snap-On Inc.,reports,Consumer Discretionary,"Kenosha, Wisconsin"
SO,Southern Co.,reports,Utilities,"Atlanta, Georgia"
LUV,Southwest Airlines,reports,Industrials,"Dallas, Texas"
SWN,Southwestern Energy,reports,Energy,"Houston, Texas[7]"
SE,Spectra Energy Corp.,reports,Energy,"Houston, Texas"
S,Sprint Nextel Corp.,reports,Telecommunications Services,"Overland Park, Kansas"
STJ,St Jude Medical,reports,Health Care,"Little Canada, Minnesota"
SWK,Stanley Black & Decker,reports,Consumer Discretionary,"New Britain, Connecticut"
SPLS,Staples Inc.,reports,Consumer Discretionary,"Framingham, Massachusetts"
SBUX,Starbucks Corp.,reports,Consumer Discretionary,"Seattle, Washington"
HOT,Starwood Hotels & Resorts,reports,Consumer Discretionary,"White Plains, New York"
STT,State Street Corp.,reports,Financials,"Boston, Massachusetts"
SRCL,Stericycle Inc,reports,Industrials,"Lake Forest, Illinois"
SYK,Stryker Corp.,reports,Health Care,"Kalamazoo, Michigan"
SUN,Sunoco Inc.,reports,Energy,"Philadelphia, Pennsylvania"
STI,SunTrust Banks,reports,Financials,"Atlanta, Georgia"
SVU,Supervalu Inc.,reports,Consumer Staples,"Eden Prairie, Minnesota"
SYMC,Symantec Corp.,reports,Information Technology,"Mountain View, California"
SYY,Sysco Corp.,reports,Consumer Staples,"Houston, Texas"
TROW,T. Rowe Price Group,reports,Financials,"Baltimore, Maryland"
TGT,Target Corp.,reports,Consumer Discretionary,"Minneapolis, Minnesota"
TEL,TE Connectivity Ltd.,reports,Information Technology,"Schaffhausen, Switzerland"
TE,TECO Energy,reports,Utilities,"Tampa, Florida"
THC,Tenet Healthcare Corp.,reports,Health Care,"Dallas, Texas"
TDC,Teradata Corp.,reports,Information Technology,"Miamisburg, Ohio"
TER,Teradyne Inc.,reports,Information Technology,"North Reading, Massachusetts"
TSO,Tesoro Petroleum Co.,reports,Energy,"San Antonio, Texas"
TXN,Texas Instruments,reports,Information Technology,"Dallas, Texas"
TXT,Textron Inc.,reports,Industrials,"Providence, Rhode Island"
HSY,The Hershey Company,reports,Consumer Staples,"Hershey, Pennsylvania"
TRV,The Travelers Companies Inc.,reports,Financials,"St. Paul, Minnesota"
TMO,Thermo Fisher Scientific,reports,Health Care,"Waltham, Massachusetts"
TIF,Tiffany & Co.,reports,Consumer Discretionary,"New York, New York"
TWX,Time Warner Inc.,reports,Consumer Discretionary,"New York, New York"
TWC,Time Warner Cable Inc.,reports,Consumer Discretionary,"New York, New York"
TIE,Titanium Metals Corp,reports,Materials,"Dallas, Texas"
TJX,TJX Companies Inc.,reports,Consumer Discretionary,"Framingham, Massachusetts"
TMK,Torchmark Corp.,reports,Financials,"McKinney, Texas"
TSS,Total System Services,reports,Information Technology,"Columbus, Georgia"
TRIP,TripAdvisor,reports,Consumer Discretionary,"Bellevue, Washington"
TSN,Tyson Foods,reports,Consumer Staples,"Springdale, Arkansas"
TYC,Tyco International,reports,Industrials,"Princeton, New Jersey"
USB,U.S. Bancorp,reports,Financials,"Minneapolis, Minnesota"
UNP,Union Pacific,reports,Industrials,"Omaha, Nebraska"
UNH,United Health Group Inc.,reports,Health Care,"Minnetonka, Minnesota"
UPS,United Parcel Service,reports,Industrials,"Sandy Springs, Georgia"
X,United States Steel Corp.,reports,Materials,"Pittsburgh, Pennsylvania"
UTX,United Technologies,reports,Industrials,"Hartford, Connecticut"
UNM,Unum Group,reports,Financials,"Chattanooga, Tennessee"
URBN,Urban Outfitters,reports,Consumer Discretionary,"Philadelphia, Pennsylvania"
VFC,V.F. Corp.,reports,Consumer Discretionary,"Greensboro, North Carolina"
VLO,Valero Energy,reports,Energy,"San Antonio, Texas"
VAR,Varian Medical Systems,reports,Health Care,"Palo Alto, California"
VTR,Ventas Inc,reports,Financials,"Chicago, Illinois[8]"
VRSN,Verisign Inc.,reports,Information Technology,"Dulles, Virginia"
VZ,Verizon Communications,reports,Telecommunications Services,"New York, New York"
VIAB,Viacom Inc.,reports,Consumer Discretionary,"New York, New York"
V,Visa Inc.,reports,Information Technology,"San Francisco, California"
VNO,Vornado Realty Trust,reports,Financials,"New York, New York"
VMC,Vulcan Materials,reports,Materials,"Birmingham, Alabama"
WMT,Wal-Mart Stores,reports,Consumer Staples,"Bentonville, Arkansas"
WAG,Walgreen Co.,reports,Consumer Staples,"Deerfield, Illinois"
DIS,Walt Disney Co.,reports,Consumer Discretionary,"Burbank, California"
WPO,Washington Post Co B,reports,Consumer Discretionary,Washington D.C
WM,Waste Management Inc.,reports,Industrials,"Houston, Texas"
WAT,Waters Corporation,reports,Health Care,"Milford, Massachusetts"
WPI,Watson Pharmaceuticals,reports,Health Care,"Corona, California"
WLP,WellPoint Inc.,reports,Health Care,"Indianapolis, Indiana"
WFC,Wells Fargo,reports,Financials,"San Francisco, California"
WDC,Western Digital,reports,Information Technology,"Irvine, California"
WU,Western Union Co,reports,Information Technology,"Englewood, Colorado"
WY,Weyerhaeuser Corp.,reports,Financials,"Federal Way, Washington"
WHR,Whirlpool Corp.,reports,Consumer Discretionary,"Benton Charter Township, Michigan"
WFM,Whole Foods Market,reports,Consumer Staples,"Austin, Texas"
WMB,Williams Cos.,reports,Energy,"Tulsa, Oklahoma"
WIN,Windstream Corporation,reports,Telecommunications Services,"Little Rock, Arkansas"
WEC,Wisconsin Energy Corporation,reports,Utilities,"Milwaukee, Wisconsin"
WYN,Wyndham Worldwide,reports,Consumer Discretionary,"Parsippany-Troy Hills, New Jersey"
WYNN,Wynn Resorts Ltd,reports,Consumer Discretionary,"Las Vegas, Nevada"
XEL,Xcel Energy Inc,reports,Utilities,"Minneapolis, Minnesota"
XRX,Xerox Corp.,reports,Information Technology,"Norwalk, Connecticut"
XLNX,Xilinx Inc,reports,Information Technology,"San Jose, California"
XL,XL Capital,reports,Financials,"Hamilton, Bermuda"
YHOO,Yahoo Inc.,reports,Information Technology,"Sunnyvale, California"
YUM,Yum! Brands Inc,reports,Consumer Discretionary,"Louisville, Kentucky"
ZMH,Zimmer Holdings,reports,Health Care,"Warsaw, Indiana"
ZION,Zions Bancorp,reports,Financials,"Salt Lake City, Utah"
