Ticker symbol,Security,SEC filings,GICS?Sector,GICS Sub Industry,Address of Headquarters,Date first added,CIK
MMM,3M Company,reports,Industrials,Industrial Conglomerates,"St. Paul, Minnesota",,66740
ABT,Abbott Laboratories,reports,Health Care,Health Care Equipment & Services,"North Chicago, Illinois",,1800
ABBV,AbbVie,reports,Health Care,Pharmaceuticals,"North Chicago, Illinois",2012/12/31,1551152
ACN,Accenture plc,reports,Information Technology,IT Consulting & Other Services,"Dublin, Ireland",2011/7/6,1467373
ACE,ACE Limited,reports,Financials,Property & Casualty Insurance,"Zurich, Switzerland",2010/7/15,896159
ATVI,Activision Blizzard,reports,Information Technology,Home Entertainment Software,"Santa Monica, California",2015/8/31,718877
ADBE,Adobe Systems Inc,reports,Information Technology,Application Software,"San Jose, California",,796343
ADT,ADT Corp,reports,Industrials,Diversified Commercial Services,"Boca Raton, Florida",2012/10/1,1546640
AAP,Advance Auto Parts,reports,Consumer Discretionary,Automotive Retail,"Roanoke, Virginia",2015/7/9,1158449
AES,AES Corp,reports,Utilities,Independent Power Producers & Energy Traders,"Arlington, Virginia",,874761
AET,Aetna Inc,reports,Health Care,Managed Health Care,"Hartford, Connecticut",1976/6/30,1122304
AFL,AFLAC Inc,reports,Financials,Life & Health Insurance,"Columbus, Georgia",,4977
AMG,Affiliated Managers Group Inc,reports,Financials,Asset Management & Custody Banks,"Beverly, Massachusetts",2014/7/1,1004434
A,Agilent Technologies Inc,reports,Health Care,Health Care Equipment & Services,"Santa Clara, California",,1090872
GAS,AGL Resources Inc.,reports,Utilities,Gas Utilities,"Atlanta, Georgia",2011/12/13,1004155
APD,Air Products & Chemicals Inc,reports,Materials,Industrial Gases,"Allentown, Pennsylvania",1985/4/30,2969
ARG,Airgas Inc,reports,Materials,Industrial Gases,"Radnor, Pennsylvania",2009/9/9,804212
AKAM,Akamai Technologies Inc,reports,Information Technology,Internet Software & Services,"Cambridge, Massachusetts",2007/7/12,1086222
AA,Alcoa Inc,reports,Materials,Aluminum,"New York, New York",,4281
AGN,Allergan plc,reports,Health Care,Pharmaceuticals,"Dublin, Ireland",,884629
ALXN,Alexion Pharmaceuticals,reports,Health Care,Biotechnology,"Cheshire, Connecticut",2012/5/25,899866
ALLE,Allegion,reports,Industrials,Building Products,"Dublin, Ireland",2013/12/2,1579241
ADS,Alliance Data Systems,reports,Information Technology,Data Processing & Outsourced Services,"Plano, Texas",2013/12/23,1101215
ALL,Allstate Corp,reports,Financials,Property & Casualty Insurance,"Northfield Township, Illinois",,899051
GOOGL,Alphabet Inc Class A,reports,Information Technology,Internet Software & Services,"Mountain View, California",2014/4/3,1288776
GOOG,Alphabet Inc Class C,reports,Information Technology,Internet Software & Services,"Mountain View, California",,1288776
MO,Altria Group Inc,reports,Consumer Staples,Tobacco,"Richmond, Virginia",,764180
AMZN,Amazon.com Inc,reports,Consumer Discretionary,Internet Retail,"Seattle, Washington",2005/11/18,1018724
AEE,Ameren Corp,reports,Utilities,MultiUtilities,"St. Louis, Missouri",1991/9/19,1002910
AAL,American Airlines Group,reports,Industrials,Airlines,"Fort Worth, Texas",2015/3/23,6201
AEP,American Electric Power,reports,Utilities,Electric Utilities,"Columbus, Ohio",,4904
AXP,American Express Co,reports,Financials,Consumer Finance,"New York, New York",1976/6/30,4962
AIG,"American International Group, Inc.",reports,Financials,Property & Casualty Insurance,"New York, New York",1980/3/31,5272
AMT,American Tower Corp A,reports,Financials,Specialized REITs,"Boston, Massachusetts",2007/11/19,1053507
AMP,Ameriprise Financial,reports,Financials,Diversified Financial Services,"Minneapolis, Minnesota",,820027
ABC,AmerisourceBergen Corp,reports,Health Care,Health Care Distribution & Services,"Chesterbrook, Pennsylvania",,1140859
AME,Ametek,reports,Industrials,Electrical Components & Equipment,"Berwyn, Pennsylvania",2013/9/23,1037868
AMGN,Amgen Inc,reports,Health Care,Biotechnology,"Thousand Oaks, California",1992/1/2,318154
APH,Amphenol Corp A,reports,Industrials,Electrical Components & Equipment,"Wallingford, Connecticut",2008/9/30,820313
APC,Anadarko Petroleum Corp,reports,Energy,Oil & Gas Exploration & Production,"The Woodlands, Texas",,773910
ADI,"Analog Devices, Inc.",reports,Information Technology,Semiconductors,"Norwood, Massachusetts",,6281
AON,Aon plc,reports,Financials,Insurance Brokers,"London,?United Kingdom",,315293
APA,Apache Corporation,reports,Energy,Oil & Gas Exploration & Production,"Houston, Texas",,6769
AIV,Apartment Investment & Mgmt,reports,Financials,REITs,"Denver, Colorado",,922864
AAPL,Apple Inc.,reports,Information Technology,Computer Hardware,"Cupertino, California",1982/11/30,320193
AMAT,Applied Materials Inc,reports,Information Technology,Semiconductor Equipment,"Santa Clara, California",,6951
ADM,Archer-Daniels-Midland Co,reports,Consumer Staples,Agricultural Products,"Decatur, Illinois",1981/7/29,7084
AIZ,Assurant Inc,reports,Financials,Multi-line Insurance,"New York, New York",2007/4/10,1267238
T,AT&T Inc,reports,Telecommunications Services,Integrated Telecommunications Services,"Dallas, Texas",1983/11/30,732717
ADSK,Autodesk Inc,reports,Information Technology,Application Software,"San Rafael, California",1989/12/1,769397
ADP,Automatic Data Processing,reports,Information Technology,Internet Software & Services,"Roseland, New Jersey",1981/3/31,8670
AN,AutoNation Inc,reports,Consumer Discretionary,Specialty Stores,"Fort Lauderdale, Florida",,350698
AZO,AutoZone Inc,reports,Consumer Discretionary,Specialty Stores,"Memphis, Tennessee",,866787
AVGO,Avago Technologies,reports,Information Technology,Semiconductors,"San Jose, California",2014/5/8,1441634
AVB,"AvalonBay Communities, Inc.",reports,Financials,Residential REITs,"Arlington, Virginia[3]",2007/1/10,915912
AVY,Avery Dennison Corp,reports,Materials,Paper Packaging,"Glendale, California",1987/12/31,8818
BHI,Baker Hughes Inc,reports,Energy,Oil & Gas Equipment & Services,"Houston, Texas",,808362
BLL,Ball Corp,reports,Materials,Metal & Glass Containers,"Broomfield, Colorado",1984/10/31,9389
BAC,Bank of America Corp,reports,Financials,Banks,"Charlotte, North Carolina",1976/6/30,70858
BK,The Bank of New York Mellon Corp.,reports,Financials,Banks,"New York, New York",,1390777
BCR,Bard (C.R.) Inc.,reports,Health Care,Health Care Equipment & Services,"Murray Hill, New Jersey",1975/6/30,9892
BXLT,Baxalta,reports,Health Care,Biotechnology,"Deerfield, Illinois",2015/7/1,1620546
BAX,Baxter International Inc.,reports,Health Care,Health Care Equipment & Services,"Deerfield, Illinois",1972/9/30,10456
BBT,BB&T Corporation,reports,Financials,Banks,"Winston-Salem, North Carolina",,92230
BDX,Becton Dickinson,reports,Health Care,Health Care Equipment & Services,"Franklin Lakes, New Jersey",1972/9/30,10795
BBBY,Bed Bath & Beyond,reports,Consumer Discretionary,Specialty Stores,"Union, New Jersey",,886158
BRK-B,Berkshire Hathaway,reports,Financials,Multi-Sector Holdings,"Omaha, Nebraska",2010/2/16,1067983
BBY,Best Buy Co. Inc.,reports,Consumer Discretionary,Computer & Electronics Retail,"Richfield, Minnesota",,764478
BIIB,BIOGEN IDEC Inc.,reports,Health Care,Biotechnology,"Weston, Massachusetts",,875045
BLK,BlackRock,reports,Financials,Asset Management & Custody Banks,"New York, New York",2011/4/4,1364742
HRB,Block H&R,reports,Financials,Consumer Finance,"Kansas City, Missouri",1986/11/30,12659
BA,Boeing Company,reports,Industrials,Aerospace & Defense,"Chicago, Illinois",,12927
BWA,BorgWarner,reports,Consumer Discretionary,Auto Parts & Equipment,"Auburn Hills, Michigan",2011/12/19,908255
BXP,Boston Properties,reports,Financials,REITs,"Boston, Massachusetts",,1037540
BSX,Boston Scientific,reports,Health Care,Health Care Equipment & Services,"Marlborough, Massachusetts[4]",,885725
BMY,Bristol-Myers Squibb,reports,Health Care,Health Care Distributors & Services,"New York, New York",,14272
BRCM,Broadcom Corporation,reports,Information Technology,Semiconductors,"Irvine, California",,1054374
BF-B,Brown-Forman Corporation,reports,Consumer Staples,Distillers & Vintners,"Louisville, Kentucky",1982/10/31,14693
CHRW,C. H. Robinson Worldwide,reports,Industrials,Air Freight & Logistics,"Eden Prairie, Minnesota",,1043277
CA,"CA, Inc.",reports,Information Technology,Systems Software,"Islandia, New York",1987/7/31,356028
CVC,Cablevision Systems Corp.,reports,Consumer Discretionary,Broadcasting & Cable TV,"Bethpage, New York",2010/12/20,1053112
COG,Cabot Oil & Gas,reports,Energy,Oil & Gas Exploration & Production,"Houston, Texas",2008/6/23,858470
CAM,Cameron International Corp.,reports,Energy,Oil & Gas Equipment & Services,"Houston, Texas",2008/1/29,941548
CPB,Campbell Soup,reports,Consumer Staples,Packaged Foods & Meats,"Camden, New Jersey",,16732
COF,Capital One Financial,reports,Financials,Consumer Finance,"Tysons Corner, Virginia",,927628
CAH,Cardinal Health Inc.,reports,Health Care,Health Care Distributors & Services,"Dublin, Ohio",,721371
HSIC,Henry Schein,reports,Health Care,Health Care Distributors & Services,"Melville, New York",2015/3/17,1000228
KMX,Carmax Inc,reports,Consumer Discretionary,Specialty Stores,"Richmond, Virginia",2010/6/28,1170010
CCL,Carnival Corp.,reports,Consumer Discretionary,"Hotels, Resorts & Cruise Lines","Miami, Florida",,815097
CAT,Caterpillar Inc.,reports,Industrials,Construction & Farm Machinery & Heavy Trucks,"Peoria, Illinois",,18230
CBG,CBRE Group,reports,Financials,Real Estate Services,"Los Angeles, California",,1138118
CBS,CBS Corp.,reports,Consumer Discretionary,Broadcasting & Cable TV,"New York, New York",1994/9/1,813828
CELG,Celgene Corp.,reports,Health Care,Biotechnology,"Summit, New Jersey",,816284
CNP,CenterPoint Energy,reports,Utilities,MultiUtilities,"Houston, Texas",1985/7/31,1130310
CTL,CenturyLink Inc,reports,Telecommunications Services,Integrated Telecommunications Services,"Monroe, Louisiana",,18926
CERN,Cerner,reports,Health Care,Health Care Distributors & Services,"North Kansas City, Missouri",2010/4/30,804753
CF,CF Industries Holdings Inc,reports,Materials,Fertilizers & Agricultural Chemicals,"Deerfield, Illinois",2008/8/27,1324404
SCHW,Charles Schwab Corporation,reports,Financials,Investment Banking & Brokerage,"San Francisco, California",,316709
CHK,Chesapeake Energy,reports,Energy,Integrated Oil & Gas,"Oklahoma City, Oklahoma",,895126
CVX,Chevron Corp.,reports,Energy,Integrated Oil & Gas,"San Ramon, California",,93410
CMG,Chipotle Mexican Grill,reports,Consumer Discretionary,Restaurants,"Denver, Colorado",2011/4/28,1058090
CB,Chubb Corp.,reports,Financials,Property & Casualty Insurance,"Warren, New Jersey",1976/6/30,20171
CHD,Church & Dwight,reports,Consumer Staples,Household Products,"Ewing, New Jersey",2015/12/29,313927
CI,CIGNA Corp.,reports,Health Care,Managed Health Care,"Philadelphia, Pennsylvania",1976/6/30,701221
XEC,Cimarex Energy,reports,Energy,Oil & Gas Exploration & Production,"Denver, Colorado",2014/6/21,1168054
CINF,Cincinnati Financial,reports,Financials,Property & Casualty Insurance,"Fairfield, Ohio",,20286
CTAS,Cintas Corporation,reports,Industrials,Diversified Support Services,"Mason, Ohio",,723254
CSCO,Cisco Systems,reports,Information Technology,Networking Equipment,"San Jose, California",1993/12/1,858877
C,Citigroup Inc.,reports,Financials,Banks,"New York, New York",1988/5/31,831001
CTXS,Citrix Systems,reports,Information Technology,Internet Software & Services,"Fort Lauderdale, Florida",,877890
CLX,The Clorox Company,reports,Consumer Staples,Household Products,"Oakland, California",1969/3/31,21076
CME,CME Group Inc.,reports,Financials,Diversified Financial Services,"Chicago, Illinois",,1156375
CMS,CMS Energy,reports,Utilities,MultiUtilities,"Jackson, Michigan",,811156
COH,Coach Inc.,reports,Consumer Discretionary,"Apparel, Accessories & Luxury Goods","New York, New York",,1116132
KO,The Coca Cola Company,reports,Consumer Staples,Soft Drinks,"Atlanta, Georgia",,21344
CCE,Coca-Cola Enterprises,reports,Consumer Staples,Soft Drinks,"Atlanta, Georgia",,1491675
CTSH,Cognizant Technology Solutions,reports,Information Technology,IT Consulting & Services,"Teaneck, New Jersey",,1058290
CL,Colgate-Palmolive,reports,Consumer Staples,Household Products,"New York, New York",,21665
CPGX,Columbia Pipeline Group Inc,reports,Energy,Oil & Gas Storage & Transportation,"Houston, Texas",2015/7/2,1629995
CMCSA,Comcast A Corp,reports,Consumer Discretionary,Broadcasting & Cable TV,"Philadelphia, Pennsylvania",,1166691
CMA,Comerica Inc.,reports,Financials,Banks,"Dallas, Texas",,28412
CAG,ConAgra Foods Inc.,reports,Consumer Staples,Packaged Foods & Meats,"Omaha, Nebraska",1983/8/31,23217
COP,ConocoPhillips,reports,Energy,Oil & Gas Exploration & Production,"Houston, Texas",,1163165
CNX,CONSOL Energy Inc.,reports,Energy,Coal & Consumable Fuels,"Cecil Township, Pennsylvania",,1070412
ED,Consolidated Edison,reports,Utilities,Electric Utilities,"New York, New York",,1047862
STZ,Constellation Brands,reports,Consumer Staples,Distillers & Vintners,"Victor, New York",,16918
GLW,Corning Inc.,reports,Industrials,Construction & Engineering,"Corning, New York",,24741
COST,Costco Co.,reports,Consumer Staples,Hypermarkets & Super Centers,"Issaquah, Washington",1993/10/1,909832
CCI,Crown Castle International Corp.,reports,Financials,REITs,"Houston, Texas",2012/3/14,1051470
CSRA,CSRA Inc.,reports,Information Technology,IT Consulting & Services,"Falls Church, Virginia",2015/12/1,1646383
CSX,CSX Corp.,reports,Industrials,Railroads,"Jacksonville, Florida",1967/9/30,277948
CMI,Cummins Inc.,reports,Industrials,Industrial Machinery,"Columbus, Indiana",1965/3/31,26172
CVS,CVS Caremark Corp.,reports,Consumer Staples,Drug Retail,"Woonsocket, Rhode Island",,64803
DHI,D. R. Horton,reports,Consumer Discretionary,Homebuilding,"Fort Worth, Texas",,882184
DHR,Danaher Corp.,reports,Industrials,Industrial Machinery,Washington D.C,,313616
DRI,Darden Restaurants,reports,Consumer Discretionary,Restaurants,"Orlando, Florida",,940944
DVA,DaVita Inc.,reports,Health Care,Health Care Facilities,"Denver, Colorado",2008/7/31,927066
DE,Deere & Co.,reports,Industrials,Construction & Farm Machinery & Heavy Trucks,"Moline, Illinois",,315189
DLPH,Delphi Automotive,reports,Consumer Discretionary,Auto Parts & Equipment,"Gillingham, Kent,?United Kingdom",2012/12/24,1521332
DAL,Delta Air Lines,reports,Industrials,Airlines,"Atlanta, Georgia",2013/9/11,27904
XRAY,Dentsply International,reports,Health Care,Health Care Supplies,"York, Pennsylvania",2008/11/14,818479
DVN,Devon Energy Corp.,reports,Energy,Oil & Gas Exploration & Production,"Oklahoma City, Oklahoma",,1090012
DO,Diamond Offshore Drilling,reports,Energy,Oil & Gas Drilling,"Houston, Texas",2009/2/26,949039
DFS,Discover Financial Services,reports,Financials,Consumer Finance,"Riverwoods, Illinois",2007/7/2,1393612
DISCA,Discovery Communications-A,reports,Consumer Discretionary,Broadcasting & Cable TV,"Silver Spring, Maryland",2010/3/1,1437107
DISCK,Discovery Communications-C,reports,Consumer Discretionary,Broadcasting & Cable TV,"Silver Spring, Maryland",2014/8/7,1437107
DG,Dollar General,reports,Consumer Discretionary,General Merchandise Stores,"Goodlettsville, Tennessee",2012/12/3,29534
DLTR,Dollar Tree,reports,Consumer Discretionary,General Merchandise Stores,"Chesapeake, Virginia",2011/12/19,935703
D,Dominion Resources,reports,Utilities,Electric Utilities,"Richmond, Virginia",,715957
DOV,Dover Corp.,reports,Industrials,Industrial Machinery,"Downers Grove, Illinois",1985/10/31,29905
DOW,Dow Chemical,reports,Materials,Diversified Chemicals,"Midland, Michigan",,29915
DPS,Dr Pepper Snapple Group,reports,Consumer Staples,Soft Drinks,"Plano, Texas",2008/10/7,1418135
DTE,DTE Energy Co.,reports,Utilities,MultiUtilities,"Detroit, Michigan",,936340
DD,Du Pont (E.I.),reports,Materials,Diversified Chemicals,"Wilmington, Delaware",,30554
DUK,Duke Energy,reports,Utilities,Electric Utilities,"Charlotte, North Carolina",1976/6/30,1326160
DNB,Dun & Bradstreet,reports,Industrials,Data Processing Services,"Short Hills, New Jersey",2008/12/2,1115222
ETFC,E*Trade,reports,Financials,Investment Banking & Brokerage,"New York, New York",,1015780
EMN,Eastman Chemical,reports,Materials,Diversified Chemicals,"Kingsport, Tennessee",1994/1/1,915389
ETN,Eaton Corporation,reports,Industrials,Industrial Conglomerates,"Dublin, Ireland",,1551182
EBAY,eBay Inc.,reports,Information Technology,Internet Software & Services,"San Jose, California",,1065088
ECL,Ecolab Inc.,reports,Materials,Specialty Chemicals,"St. Paul, Minnesota",1989/1/31,31462
EIX,Edison Int'l,reports,Utilities,Electric Utilities,"Rosemead, California",,827052
EW,Edwards Lifesciences,reports,Health Care,Health Care Equipment & Services,"Irvine, California",2011/4/1,1099800
EA,Electronic Arts,reports,Information Technology,Home Entertainment Software,"Redwood City, California",,712515
EMC,EMC Corp.,reports,Information Technology,IT Consulting & Services,"Hopkinton, Massachusetts",,790070
EMR,Emerson Electric Company,reports,Industrials,Industrial Conglomerates,"Ferguson, Missouri",1965/3/31,32604
ENDP,Endo International,reports,Health Care,Pharmaceuticals,"Dublin, Ireland",2015/1/27,1100962
ESV,Ensco plc,reports,Energy,Oil & Gas Drilling,"London, United Kingdom",2012/7/31,314808
ETR,Entergy Corp.,reports,Utilities,Electric Utilities,"New Orleans, Louisiana",,65984
EOG,EOG Resources,reports,Energy,Oil & Gas Exploration & Production,"Houston, Texas",,821189
EQT,EQT Corporation,reports,Energy,Oil & Gas Exploration & Production,"Pittsburgh, Pennsylvania",2008/12/19,33213
EFX,Equifax Inc.,reports,Financials,Diversified Financial Services,"Atlanta, Georgia",,33185
EQIX,Equinix,reports,Information Technology,Internet Software & Services,"Redwood City, California",2015/3/20,1101239
EQR,Equity Residential,reports,Financials,REITs,"Chicago, Illinois",,906107
ESS,Essex Property Trust Inc,reports,Financials,Residential REITs,"Palo Alto, California",2014/4/2,920522
EL,Estee Lauder Cos.,reports,Consumer Staples,Personal Products,"New York, New York",,1001250
ES,Eversource Energy,reports,Utilities,MultiUtilities,"Springfield, Massachusetts",,72741
EXC,Exelon Corp.,reports,Utilities,MultiUtilities,"Chicago, Illinois",,1109357
EXPE,Expedia Inc.,reports,Consumer Discretionary,"Hotels, Resorts & Cruise Lines","Bellevue, Washington",2007/10/2,1324424
EXPD,Expeditors Int'l,reports,Industrials,Air Freight & Logistics,"Seattle, Washington",2007/10/10,746515
ESRX,Express Scripts,reports,Health Care,Health Care Distributors & Services,"Cool Valley, Missouri",,1532063
XOM,Exxon Mobil Corp.,reports,Energy,Integrated Oil & Gas,"Irving, Texas",,34088
FFIV,F5 Networks,reports,Information Technology,Networking Equipment,"Seattle, Washington",2010/12/20,1048695
FB,Facebook,reports,Information Technology,Internet Software & Services,"Menlo Park, California",2013/12/23,1326801
FAST,Fastenal Co,reports,Industrials,Building Products,"Winona, Minnesota",2009/9/15,815556
FDX,FedEx Corporation,reports,Industrials,Air Freight & Logistics,"Memphis, Tennessee",1980/12/31,1048911
FIS,Fidelity National Information Services,reports,Information Technology,Internet Software & Services,"Jacksonville, Florida",,1136893
FITB,Fifth Third Bancorp,reports,Financials,Banks,"Cincinnati, Ohio",,35527
FSLR,First Solar Inc,reports,Information Technology,Semiconductors,"Tempe, Arizona",2009/10/16,1274494
FE,FirstEnergy Corp,reports,Utilities,Electric Utilities,"Akron, Ohio",,1031296
FISV,Fiserv Inc,reports,Information Technology,Internet Software & Services,"Brookfield, Wisconsin",,798354
FLIR,FLIR Systems,reports,Industrials,Aerospace & Defense,"Wilsonville, Oregon",2009/1/2,354908
FLS,Flowserve Corporation,reports,Industrials,Industrial Machinery,"Irving, Texas",2008/10/2,30625
FLR,Fluor Corp.,reports,Industrials,Diversified Commercial Services,"Irving, Texas",1980/3/31,1124198
FMC,FMC Corporation,reports,Materials,Diversified Chemicals,"Philadelphia, Pennsylvania",2009/8/19,37785
FTI,FMC Technologies Inc.,reports,Energy,Oil & Gas Equipment & Services,"Houston, Texas",2009/6/5,1135152
F,Ford Motor,reports,Consumer Discretionary,Automobile Manufacturers,"Dearborn, Michigan",,37996
FOSL,"Fossil, Inc.",reports,Consumer Discretionary,"Apparel, Accessories & Luxury Goods","Richardson, Texas",2012/4/4,883569
BEN,Franklin Resources,reports,Financials,Asset Management & Custody Banks,"San Mateo, California",,38777
FCX,Freeport-McMoran Cp & Gld,reports,Materials,Diversified Metals & Mining,"Phoenix, Arizona",,831259
FTR,Frontier Communications,reports,Telecommunications Services,Integrated Telecommunications Services,"Stamford, Connecticut",,20520
GME,GameStop Corp.,reports,Consumer Discretionary,Computer & Electronics Retail,"Grapevine, Texas",2007/12/14,1326380
GPS,Gap (The),reports,Consumer Discretionary,Apparel Retail,"San Francisco, California",1986/8/31,39911
GRMN,Garmin Ltd.,reports,Consumer Discretionary,Consumer Electronics,"Schaffhausen, Switzerland",2012/12/12,1121788
GD,General Dynamics,reports,Industrials,Aerospace & Defense,"Falls Church, Virginia",,40533
GE,General Electric,reports,Industrials,Industrial Conglomerates,"Fairfield, Connecticut",,40545
GGP,General Growth Properties Inc.,reports,Financials,REITs,"Chicago, Illinois",2013/12/10,895648
GIS,General Mills,reports,Consumer Staples,Packaged Foods & Meats,"Golden Valley, Minnesota",1969/3/31,40704
GM,General Motors,reports,Consumer Discretionary,Automobile Manufacturers,"Detroit, Michigan",2013/6/6,1467858
GPC,Genuine Parts,reports,Consumer Discretionary,Specialty Stores,"Atlanta, Georgia",1973/12/31,40987
GILD,Gilead Sciences,reports,Health Care,Biotechnology,"Foster City, California",,882095
GS,Goldman Sachs Group,reports,Financials,Investment Banking & Brokerage,"New York, New York",,886982
GT,Goodyear Tire & Rubber,reports,Consumer Discretionary,Tires & Rubber,"Akron, Ohio",,42582
GWW,Grainger (W.W.) Inc.,reports,Industrials,Industrial Materials,"Lake Forest, Illinois",1981/6/30,277135
HAL,Halliburton Co.,reports,Energy,Oil & Gas Equipment & Services,"Houston, Texas",,45012
HBI,Hanesbrands Inc,reports,Consumer Discretionary,"Apparel, Accessories & Luxury Goods","Winston-Salem, North Carolina",2015/3/20,1359841
HOG,Harley-Davidson,reports,Consumer Discretionary,Motorcycle Manufacturers,"Milwaukee, Wisconsin",,793952
HAR,Harman Int'l Industries,reports,Consumer Discretionary,Consumer Electronics,"Stamford, Connecticut",,800459
HRS,Harris Corporation,reports,Information Technology,Telecommunications Equipment,"Melbourne, Florida",2008/9/22,202058
HIG,Hartford Financial Svc.Gp.,reports,Financials,Property & Casualty Insurance,"Hartford, Connecticut",,874766
HAS,Hasbro Inc.,reports,Consumer Discretionary,Leisure Products,"Pawtucket, Rhode Island",1984/9/30,46080
HCA,HCA Holdings,reports,Health Care,Health Care Facilities,"Nashville, Tennessee",2015/1/27,860730
HCP,HCP Inc.,reports,Financials,REITs,"Long Beach, California",2008/3/31,765880
HP,Helmerich & Payne,reports,Energy,Oil & Gas Drilling,"Tulsa, Oklahoma[5]",,46765
HES,Hess Corporation,reports,Energy,Integrated Oil & Gas,"New York, New York",1984/5/31,4447
HPE,Hewlett Packard Enterprise,reports,Information Technology,"Technology Hardware, Storage & Peripherals","Palo Alto, California",2015/11/2,1645590
HD,Home Depot,reports,Consumer Discretionary,Home Improvement Retail,"Atlanta, Georgia",1988/3/31,354950
HON,Honeywell Int'l Inc.,reports,Industrials,Industrial Conglomerates,"Morristown, New Jersey",,773840
HRL,Hormel Foods Corp.,reports,Consumer Staples,Packaged Foods & Meats,"Austin, Minnesota",2009/3/4,48465
HST,Host Hotels & Resorts,reports,Financials,REITs,"Bethesda, Maryland",2007/3/20,1070750
HPQ,HP Inc.,reports,Information Technology,Computer Hardware,"Palo Alto, California",1974/12/31,47217
HUM,Humana Inc.,reports,Health Care,Managed Health Care,"Louisville, Kentucky",,49071
HBAN,Huntington Bancshares,reports,Financials,Banks,"Columbus, Ohio",,49196
ITW,Illinois Tool Works,reports,Industrials,Industrial Machinery,"Glenview, Illinois",1986/2/28,49826
ILMN,Illumina Inc,reports,Health Care,Life Sciences Tools & Services,"San Diego, California",2015/11/19,1110803
IR,Ingersoll-Rand PLC,reports,Industrials,Industrial Conglomerates,"Dublin, Ireland",2010/11/17,1466258
INTC,Intel Corp.,reports,Information Technology,Semiconductors,"Santa Clara, California",1976/12/31,50863
ICE,Intercontinental Exchange,reports,Financials,Diversified Financial Services,"Atlanta, Georgia",2007/9/26,1571949
IBM,International Bus. Machines,reports,Information Technology,IT Consulting & Services,"Armonk, New York",,51143
IP,International Paper,reports,Materials,Paper Products,"Memphis, Tennessee",,51434
IPG,Interpublic Group,reports,Consumer Discretionary,Advertising,"New York, New York",1992/10/1,51644
IFF,Intl Flavors & Fragrances,reports,Materials,Specialty Chemicals,"New York, New York",1976/3/31,51253
INTU,Intuit Inc.,reports,Information Technology,Internet Software & Services,"Mountain View, California",2000/12/5,896878
ISRG,Intuitive Surgical Inc.,reports,Health Care,Health Care Equipment & Services,"Sunnyvale, California",2008/6/2,1035267
IVZ,Invesco Ltd.,reports,Financials,Asset Management & Custody Banks,"Atlanta, Georgia",2008/8/21,914208
IRM,Iron Mountain Incorporated,reports,Industrials,Data Processing Services,"Boston, Massachusetts",2009/1/6,1020569
JEC,Jacobs Engineering Group,reports,Industrials,Industrial Conglomerates,"Pasadena, California",2007/10/26,52988
JBHT,J. B. Hunt Transport Services,reports,Industrials,Trucking,"Lowell, Arkansas",2015/7/1,728535
JNJ,Johnson & Johnson,reports,Health Care,Health Care Equipment & Services,"New Brunswick, New Jersey",1973/6/30,200406
JCI,Johnson Controls,reports,Consumer Discretionary,Auto Parts & Equipment,"Milwaukee, Wisconsin",1986/5/31,53669
JPM,JPMorgan Chase & Co.,reports,Financials,Banks,"New York, New York",1975/6/30,19617
JNPR,Juniper Networks,reports,Information Technology,Networking Equipment,"Sunnyvale, California",,1043604
KSU,Kansas City Southern,reports,Industrials,Railroads,"Kansas City, Missouri",2013/5/24,54480
K,Kellogg Co.,reports,Consumer Staples,Packaged Foods & Meats,"Battle Creek, Michigan",,55067
KEY,KeyCorp,reports,Financials,Banks,"Cleveland, Ohio",1994/3/1,91576
GMCR,Keurig Green Mountain,reports,Consumer Staples,Packaged Foods & Meats,"Waterbury, Vermont",2014/3/24,909954
KMB,Kimberly-Clark,reports,Consumer Staples,Household Products,"Irving, Texas",,55785
KIM,Kimco Realty,reports,Financials,REITs,"New Hyde Park, New York",,879101
KMI,Kinder Morgan,reports,Energy,Oil & Gas Refining & Marketing & Transportation,"Houston, Texas",2012/5/25,1506307
KLAC,KLA-Tencor Corp.,reports,Information Technology,Semiconductor Equipment,"Milpitas, California",,319201
KSS,Kohl's Corp.,reports,Consumer Discretionary,General Merchandise Stores,"Menomonee Falls, Wisconsin",,885639
KHC,Kraft Heinz Co,reports,Consumer Staples,Packaged Foods & Meats,"Northfield, Illinois",2012/10/2,1545158
KR,Kroger Co.,reports,Consumer Staples,Food Retail,"Cincinnati, Ohio",,56873
LB,L Brands Inc.,reports,Consumer Discretionary,Apparel Retail,"Columbus, Ohio",1983/9/30,701985
LLL,L-3 Communications Holdings,reports,Industrials,Industrial Conglomerates,"New York, New York",,1056239
LH,Laboratory Corp. of America Holding,reports,Health Care,Health Care Facilities,"Burlington, North Carolina",,920148
LRCX,Lam Research,reports,Information Technology,Semiconductor Equipment,"Fremont, California",2012/6/29,707549
LM,Legg Mason,reports,Financials,Asset Management & Custody Banks,"Baltimore, Maryland",,704051
LEG,Leggett & Platt,reports,Industrials,Industrial Conglomerates,"Carthage, Missouri",,58492
LEN,Lennar Corp.,reports,Consumer Discretionary,Homebuilding,"Miami, Florida",,920760
LVLT,Level 3 Communications,reports,Telecommunications Services,Alternative Carriers,"Broomfield, Colorado",2014/11/5,794323
LUK,Leucadia National Corp.,reports,Financials,Multi-Sector Holdings,"New York, New York",2007/8/27,96223
LLY,Lilly (Eli) & Co.,reports,Health Care,Pharmaceuticals,"Indianapolis, Indiana",1970/12/31,59478
LNC,Lincoln National,reports,Financials,Multi-line Insurance,"Radnor, Pennsylvania",1976/6/30,59558
LLTC,Linear Technology Corp.,reports,Information Technology,Semiconductors,"Milpitas, California",,791907
LMT,Lockheed Martin Corp.,reports,Industrials,Aerospace & Defense,"Bethesda, Maryland",1984/7/31,936468
L,Loews Corp.,reports,Financials,Multi-Sector Holdings,"New York, New York",,60086
LOW,Lowe's Cos.,reports,Consumer Discretionary,Home Improvement Retail,"Mooresville, North Carolina",1984/2/29,60667
LYB,LyondellBasell,reports,Materials,Diversified Chemicals,"Rotterdam, Netherlands",2012/9/5,1489393
MTB,M&T Bank Corp.,reports,Financials,Banks,"Buffalo, New York",,36270
MAC,Macerich,reports,Financials,Retail REITs,"Santa Monica, California",2013/5/9,912242
M,Macy's Inc.,reports,Consumer Discretionary,Department Stores,"Cincinnati, Ohio",,794367
MNK,Mallinckrodt Plc,reports,Health Care,Pharmaceuticals,"Dublin, Ireland",2014/8/19,1567892
MRO,Marathon Oil Corp.,reports,Energy,Oil & Gas Exploration & Production,"Houston, Texas",1991/5/1,101778
MPC,Marathon Petroleum,reports,Energy,Oil & Gas Refining & Marketing & Transportation,"Findlay, Ohio",2011/7/1,1510295
MAR,Marriott Int'l.,reports,Consumer Discretionary,"Hotels, Resorts & Cruise Lines","Bethesda, Maryland",,1048286
MMC,Marsh & McLennan,reports,Financials,Insurance Brokers,"New York, New York",1987/8/31,62709
MLM,Martin Marietta Materials,reports,Materials,Construction Materials,"Raleigh, North Carolina",2014/7/2,916076
MAS,Masco Corp.,reports,Industrials,Building Products,"Taylor, Michigan",1981/6/30,62996
MA,Mastercard Inc.,reports,Information Technology,Internet Software & Services,"Harrison, New York",2008/7/18,1141391
MAT,Mattel Inc.,reports,Consumer Discretionary,Leisure Products,"El Segundo, California",1982/3/31,63276
MKC,McCormick & Co.,reports,Consumer Staples,Packaged Foods & Meats,"Sparks, Maryland",,63754
MCD,McDonald's Corp.,reports,Consumer Discretionary,Restaurants,"Oak Brook, Illinois",1970/6/30,63908
MHFI,McGraw Hill Financial,reports,Financials,Diversified Financial Services,"New York, New York",,64040
MCK,McKesson Corp.,reports,Health Care,Health Care Distributors & Services,"San Francisco, California",,927653
MJN,Mead Johnson,reports,Consumer Staples,Packaged Foods & Meats,"Glenview, Illinois",2009/12/21,1452575
WRK,Westrock Co,reports,Materials,Paper Packaging,"Richmond, Virginia",,1159297
MDT,Medtronic plc,reports,Health Care,Health Care Equipment & Services,"Dublin,?Ireland",1986/10/31,64670
MRK,Merck & Co.,reports,Health Care,Pharmaceuticals,"Whitehouse Station, New Jersey",,310158
MET,MetLife Inc.,reports,Financials,Life & Health Insurance,"New York, New York",,1099219
KORS,Michael Kors Holdings,reports,Consumer Discretionary,"Apparel, Accessories & Luxury Goods","New York, New York",2013/11/13,1530721
MCHP,Microchip Technology,reports,Information Technology,Semiconductors,"Chandler, Arizona",2007/9/7,827054
MU,Micron Technology,reports,Information Technology,Semiconductors,"Boise, Idaho",1994/9/27,723125
MSFT,Microsoft Corp.,reports,Information Technology,Systems Software,"Redmond, Washington",1994/6/1,789019
MHK,Mohawk Industries,reports,Consumer Discretionary,Home Furnishings,"Amsterdam, New York",2013/12/23,851968
TAP,Molson Coors Brewing Company,reports,Consumer Staples,Brewers,"Denver, Colorado",1976/6/30,24545
MDLZ,Mondelez International,reports,Consumer Staples,Packaged Foods & Meats,"Northfield, Illinois",2012/10/2,1103982
MON,Monsanto Co.,reports,Materials,Fertilizers & Agricultural Chemicals,"Creve Coeur, Missouri",,1110783
MNST,Monster Beverage,reports,Consumer Staples,Soft Drinks,"Corona, California",2012/6/28,865752
MCO,Moody's Corp,reports,Financials,Diversified Financial Services,"New York, New York",,1059556
MS,Morgan Stanley,reports,Financials,Investment Banking & Brokerage,"New York, New York",,895421
MOS,The Mosaic Company,reports,Materials,Fertilizers & Agricultural Chemicals,"Plymouth, Minnesota",2011/9/26,1285785
MSI,Motorola Solutions Inc.,reports,Information Technology,Telecommunications Equipment,"Schaumburg, Illinois",,68505
MUR,Murphy Oil,reports,Energy,Integrated Oil & Gas,"El Dorado, Arkansas",,717423
MYL,Mylan N.V.,reports,Health Care,Pharmaceuticals,"Amsterdam,?Netherlands",,69499
NDAQ,NASDAQ OMX Group,reports,Financials,Diversified Financial Services,"New York, New York",2008/10/22,1120193
NOV,National Oilwell Varco Inc.,reports,Energy,Oil & Gas Equipment & Services,"Houston, Texas",,1021860
NAVI,Navient,reports,Financials,Consumer Finance,"Newark, Delaware",2014/5/1,1593538
NTAP,NetApp,reports,Information Technology,Internet Software & Services,"Sunnyvale, California",,1002047
NFLX,Netflix Inc.,reports,Information Technology,Internet Software & Services,"Los Gatos, California",2010/12/20,1065280
NWL,Newell Rubbermaid Co.,reports,Consumer Discretionary,Housewares & Specialties,"Sandy Springs, Georgia",1989/4/30,814453
NFX,Newfield Exploration Co,reports,Energy,Oil & Gas Exploration & Production,"Houston, Texas",2010/12/20,912750
NEM,Newmont Mining Corp. (Hldg. Co.),reports,Materials,Gold,"Denver, Colorado",1969/6/30,1164727
NWSA,News Corp. Class A,reports,Consumer Discretionary,Publishing,"New York, New York",2013/8/1,1564708
NWS,News Corp. Class B,reports,Consumer Discretionary,Publishing,"New York, New York",2013/8/1,1564708
NEE,NextEra Energy,reports,Utilities,MultiUtilities,"Juno Beach, Florida",1976/6/30,753308
NLSN,Nielsen Holdings,reports,Industrials,Research & Consulting Services,"New York, New York",2013/7/9,1492633
NKE,Nike,reports,Consumer Discretionary,"Apparel, Accessories & Luxury Goods","Washington County, Oregon",1988/11/30,320187
NI,NiSource Inc.,reports,Utilities,MultiUtilities,"Merrillville, Indiana",,1111711
NBL,Noble Energy Inc,reports,Energy,Oil & Gas Exploration & Production,"Houston, Texas",2007/10/8,72207
JWN,Nordstrom,reports,Consumer Discretionary,Department Stores,"Seattle, Washington",1986/8/31,72333
NSC,Norfolk Southern Corp.,reports,Industrials,Railroads,"Norfolk, Virginia",,702165
NTRS,Northern Trust Corp.,reports,Financials,Asset Management & Custody Banks,"Chicago, Illinois",,73124
NOC,Northrop Grumman Corp.,reports,Industrials,Aerospace & Defense,"West Falls Church, Virginia",1985/6/30,1133421
NRG,NRG Energy,reports,Utilities,Independent Power Producers & Energy Traders,"Princeton, New Jersey",2010/1/29,1013871
NUE,Nucor Corp.,reports,Materials,Steel,"Charlotte, North Carolina",1985/4/30,73309
NVDA,Nvidia Corporation,reports,Information Technology,Semiconductors,"Santa Clara, California",,1045810
ORLY,O'Reilly Automotive,reports,Consumer Discretionary,Specialty Stores,"Springfield, Missouri",2009/3/27,898173
OXY,Occidental Petroleum,reports,Energy,Oil & Gas Exploration & Production,"Los Angeles, California",1982/12/31,797468
OMC,Omnicom Group,reports,Consumer Discretionary,Advertising,"New York, New York",,29989
OKE,ONEOK,reports,Energy,Oil & Gas Exploration & Production,"Tulsa, Oklahoma",2010/3/15,1039684
ORCL,Oracle Corp.,reports,Information Technology,Application Software,"Redwood Shores, California",1989/8/31,1341439
OI,Owens-Illinois Inc,reports,Materials,Metal & Glass Containers,"Perrysburg, Ohio",2009/1/2,812074
PCAR,PACCAR Inc.,reports,Industrials,Construction & Farm Machinery & Heavy Trucks,"Bellevue, Washington",1980/12/31,75362
PH,Parker-Hannifin,reports,Industrials,Industrial Conglomerates,"Cleveland, Ohio",1985/11/30,76334
PDCO,Patterson Companies,reports,Health Care,Health Care Supplies,"St. Paul, Minnesota",,891024
PAYX,Paychex Inc.,reports,Information Technology,Internet Software & Services,"Penfield, New York",,723531
PYPL,PayPal,reports,Information Technology,Data Processing & Outsourced Services,"San Jose, California",2015/7/20,1633917
PNR,Pentair Ltd.,reports,Industrials,Industrial Conglomerates,"Worsley, U.K",2012/10/1,77360
PBCT,People's United Financial,reports,Financials,Thrifts & Mortgage Finance,"Bridgeport, Connecticut",2008/11/13,1378946
POM,Pepco Holdings Inc.,reports,Utilities,Electric Utilities,Washington D.C,2007/11/9,1135971
PEP,PepsiCo Inc.,reports,Consumer Staples,Soft Drinks,"Purchase, New York",,77476
PKI,PerkinElmer,reports,Health Care,Health Care Equipment & Services,"Waltham, Massachusetts",1985/5/31,31791
PRGO,Perrigo,reports,Health Care,Pharmaceuticals,"Dublin, Ireland",2011/12/19,1585364
PFE,Pfizer Inc.,reports,Health Care,Pharmaceuticals,"New York, New York",,78003
PCG,PG&E Corp.,reports,Utilities,MultiUtilities,"San Francisco, California",,1004980
PM,Philip Morris International,reports,Consumer Staples,Tobacco,"New York, New York",2008/3/31,1413329
PSX,Phillips 66,reports,Energy,Oil & Gas Refining & Marketing & Transportation,"Houston, Texas",2012/5/1,1534701
PNW,Pinnacle West Capital,reports,Utilities,MultiUtilities,"Phoenix, Arizona",,764622
PXD,Pioneer Natural Resources,reports,Energy,Oil & Gas Exploration & Production,"Irving, Texas",2008/9/24,1038357
PBI,Pitney-Bowes,reports,Industrials,Office Services & Supplies,"Stamford, Connecticut",,78814
PCL,Plum Creek Timber Co.,reports,Financials,REITs,"Seattle, Washington",,849213
PNC,PNC Financial Services,reports,Financials,Banks,"Pittsburgh, Pennsylvania",1988/4/30,713676
RL,Polo Ralph Lauren Corp.,reports,Consumer Discretionary,"Apparel, Accessories & Luxury Goods","New York, New York",2007/2/2,1037038
PPG,PPG Industries,reports,Materials,Diversified Chemicals,"Pittsburgh, Pennsylvania",,79879
PPL,PPL Corp.,reports,Utilities,Electric Utilities,"Allentown, Pennsylvania",,922224
PX,Praxair Inc.,reports,Materials,Industrial Gases,"Danbury, Connecticut",1992/7/1,884905
PCP,Precision Castparts,reports,Industrials,Industrial Conglomerates,"Portland, Oregon",2007/6/1,79958
PCLN,Priceline.com Inc,reports,Consumer Discretionary,"Hotels, Resorts & Cruise Lines","Norwalk, Connecticut",2009/11/6,1075531
PFG,Principal Financial Group,reports,Financials,Diversified Financial Services,"Des Moines, Iowa",,1126328
PG,Procter & Gamble,reports,Consumer Staples,Personal Products,"Cincinnati, Ohio",,80424
PGR,Progressive Corp.,reports,Financials,Property & Casualty Insurance,"Mayfield Village, Ohio",,80661
PLD,Prologis,reports,Financials,Diversified Financial Services,"San Francisco, California",,1045609
PRU,Prudential Financial,reports,Financials,Diversified Financial Services,"Newark, New Jersey",,1137774
PEG,Public Serv. Enterprise Inc.,reports,Utilities,Electric Utilities,"Newark, New Jersey",,788784
PSA,Public Storage,reports,Financials,REITs,"Glendale, California",,1393311
PHM,Pulte Homes Inc.,reports,Consumer Discretionary,Homebuilding,"Atlanta, Georgia",1984/4/30,822416
PVH,PVH Corp.,reports,Consumer Discretionary,"Apparel, Accessories & Luxury Goods","New York, New York",2013/2/15,78239
QRVO,Qorvo,reports,Information Technology,Semiconductors,"Hillsboro, Oregon",2015/6/11,1604778
PWR,Quanta Services Inc.,reports,Industrials,Industrial Conglomerates,"Houston, Texas",2009/7/1,1050915
QCOM,QUALCOMM Inc.,reports,Information Technology,Semiconductors,"San Diego, California",,804328
DGX,Quest Diagnostics,reports,Health Care,Health Care Facilities,"Madison, New Jersey",,1022079
RRC,Range Resources Corp.,reports,Energy,Oil & Gas Exploration & Production,"Fort Worth, Texas",2007/12/21,315852
RTN,Raytheon Co.,reports,Industrials,Aerospace & Defense,"Waltham, Massachusetts",,1047122
O,Realty Income Corporation,reports,Financials,REITs,"San Diego, California",2015/4/7,726728
RHT,Red Hat Inc.,reports,Information Technology,Systems Software,"Raleigh, North Carolina",2009/7/27,1087423
REGN,Regeneron,reports,Health Care,Biotechnology,"Tarrytown, New York",2013/5/1,872589
RF,Regions Financial Corp.,reports,Financials,Diversified Financial Services,"Birmingham, Alabama",,1281761
RSG,Republic Services Inc,reports,Industrials,Industrial Conglomerates,"Phoenix, Arizona",2008/12/5,1060391
RAI,Reynolds American Inc.,reports,Consumer Staples,Tobacco,"Winston-Salem, North Carolina",,1275283
RHI,Robert Half International,reports,Industrials,Human Resource & Employment Services,"Menlo Park, California",,315213
ROK,Rockwell Automation Inc.,reports,Industrials,Industrial Conglomerates,"Milwaukee, Wisconsin",,1024478
COL,Rockwell Collins,reports,Industrials,Industrial Conglomerates,"Cedar Rapids, Iowa",,1137411
ROP,Roper Industries,reports,Industrials,Industrial Conglomerates,"Sarasota, Florida",2009/12/23,882835
ROST,Ross Stores,reports,Consumer Discretionary,Apparel Retail,"Pleasanton, California",2009/12/21,745732
RCL,Royal Caribbean Cruises Ltd,reports,Consumer Discretionary,"Hotels, Resorts & Cruise Lines","Miami, Florida",2014/12/5,884887
R,Ryder System,reports,Industrials,Industrial Conglomerates,"Miami, Florida",1982/12/31,85961
CRM,Salesforce.com,reports,Information Technology,Internet Software & Services,"San Francisco, California",2008/9/15,1108524
SNDK,SanDisk Corporation,reports,Information Technology,Computer Storage & Peripherals,"Milpitas, California",,1000180
SCG,SCANA Corp,reports,Utilities,MultiUtilities,"Cayce, South Carolina",2009/1/2,754737
SLB,Schlumberger Ltd.,reports,Energy,Oil & Gas Equipment & Services,"Cura?ao,?Kingdom of the Netherlands",1965/3/31,87347
SNI,Scripps Networks Interactive Inc.,reports,Consumer Discretionary,Broadcasting & Cable TV,"Cincinnati, Ohio",2008/7/1,1430602
STX,Seagate Technology,reports,Information Technology,Computer Storage & Peripherals,"Dublin, Ireland",2012/7/2,1137789
SEE,Sealed Air Corp.(New),reports,Materials,Paper Packaging,"Elmwood Park, New Jersey",,1012100
SRE,Sempra Energy,reports,Utilities,MultiUtilities,"San Diego, California",,1032208
SHW,Sherwin-Williams,reports,Materials,Specialty Chemicals,"Cleveland, Ohio",1964/6/30,89800
SIG,Signet Jewelers,reports,Consumer Discretionary,Specialty Stores,"Hamilton, Bermuda",2015/7/29,832988
SPG,Simon Property Group Inc,reports,Financials,REITs,"Indianapolis, Indiana",,1063761
SWKS,Skyworks Solutions,reports,Information Technology,Semiconductors,"Woburn, Massachusetts",2015/3/12,4127
SLG,SL Green Realty,reports,Financials,Office REITs,"New York, New York",2015/3/20,1040971
SJM,Smucker (J.M.),reports,Consumer Staples,Packaged Foods & Meats,"Orrville, Ohio",2008/11/6,91419
SNA,Snap-On Inc.,reports,Consumer Discretionary,Household Appliances,"Kenosha, Wisconsin",1982/9/30,91440
SO,Southern Co.,reports,Utilities,Electric Utilities,"Atlanta, Georgia",,92122
LUV,Southwest Airlines,reports,Industrials,Airlines,"Dallas, Texas",1994/7/1,92380
SWN,Southwestern Energy,reports,Energy,Oil & Gas Exploration & Production,"Houston, Texas[6]",2008/6/6,7332
SE,Spectra Energy Corp.,reports,Energy,Oil & Gas Refining & Marketing & Transportation,"Houston, Texas",,1373835
STJ,St Jude Medical,reports,Health Care,Health Care Equipment & Services,"Little Canada, Minnesota",1989/11/30,203077
SWK,Stanley Black & Decker,reports,Consumer Discretionary,Household Appliances,"New Britain, Connecticut",1982/9/30,93556
SPLS,Staples Inc.,reports,Consumer Discretionary,Specialty Stores,"Framingham, Massachusetts",,791519
SBUX,Starbucks Corp.,reports,Consumer Discretionary,Restaurants,"Seattle, Washington",,829224
HOT,Starwood Hotels & Resorts,reports,Consumer Discretionary,"Hotels, Resorts & Cruise Lines","White Plains, New York",,316206
STT,State Street Corp.,reports,Financials,Diversified Financial Services,"Boston, Massachusetts",,93751
SRCL,Stericycle Inc,reports,Industrials,Industrial Conglomerates,"Lake Forest, Illinois",2008/11/19,861878
SYK,Stryker Corp.,reports,Health Care,Health Care Equipment & Services,"Kalamazoo, Michigan",,310764
STI,SunTrust Banks,reports,Financials,Banks,"Atlanta, Georgia",1988/5/31,750556
SYMC,Symantec Corp.,reports,Information Technology,Application Software,"Mountain View, California",,849399
SYF,Synchrony Financial,reports,Financials,Consumer Finance,"Stamford, Connecticut",2015/11/18,1601712
SYY,Sysco Corp.,reports,Consumer Staples,Food Distributors,"Houston, Texas",1986/12/31,96021
TROW,T. Rowe Price Group,reports,Financials,Diversified Financial Services,"Baltimore, Maryland",,1113169
TGT,Target Corp.,reports,Consumer Discretionary,General Merchandise Stores,"Minneapolis, Minnesota",1976/12/31,27419
TEL,TE Connectivity Ltd.,reports,Information Technology,Electronic Equipment & Instruments,"Schaffhausen, Switzerland",2011/10/17,1385157
TE,TECO Energy,reports,Utilities,Electric Utilities,"Tampa, Florida",,350563
TGNA,Tegna,reports,Consumer Discretionary,Publishing,"McLean, Virginia",1975/12/31,39899
THC,Tenet Healthcare Corp.,reports,Health Care,Health Care Facilities,"Dallas, Texas",1979/3/31,70318
TDC,Teradata Corp.,reports,Information Technology,Application Software,"Miamisburg, Ohio",2007/10/1,816761
TSO,Tesoro Petroleum Co.,reports,Energy,Oil & Gas Refining & Marketing & Transportation,"San Antonio, Texas",2007/9/27,50104
TXN,Texas Instruments,reports,Information Technology,Semiconductors,"Dallas, Texas",,97476
TXT,Textron Inc.,reports,Industrials,Industrial Conglomerates,"Providence, Rhode Island",1978/12/31,217346
HSY,The Hershey Company,reports,Consumer Staples,Packaged Foods & Meats,"Hershey, Pennsylvania",,47111
TRV,The Travelers Companies Inc.,reports,Financials,Property & Casualty Insurance,"New York, New York",,86312
TMO,Thermo Fisher Scientific,reports,Health Care,Health Care Equipment & Services,"Waltham, Massachusetts",,97745
TIF,Tiffany & Co.,reports,Consumer Discretionary,"Apparel, Accessories & Luxury Goods","New York, New York",,98246
TWX,Time Warner Inc.,reports,Consumer Discretionary,Broadcasting & Cable TV,"New York, New York",,1105705
TWC,Time Warner Cable Inc.,reports,Consumer Discretionary,Broadcasting & Cable TV,"New York, New York",2009/3/30,1377013
TJX,TJX Companies Inc.,reports,Consumer Discretionary,Apparel Retail,"Framingham, Massachusetts",1985/9/30,109198
TMK,Torchmark Corp.,reports,Financials,Life & Health Insurance,"McKinney, Texas",1989/4/30,320335
TSS,Total System Services,reports,Information Technology,Internet Software & Services,"Columbus, Georgia",2008/1/2,721683
TSCO,Tractor Supply Company,reports,Consumer Discretionary,Specialty Retail,"Brentwood, Tennessee",2014/1/24,916365
RIG,Transocean,reports,Energy,Oil & Gas Drilling,"Vernier, Switzerland",2013/10/29,1451505
TRIP,TripAdvisor,reports,Consumer Discretionary,Internet Retail,"Newton, Massachusetts",2011/12/21,1526520
FOXA,Twenty-First Century Fox Class A,reports,Consumer Discretionary,Publishing,"New York, New York",2013/7/1,1308161
FOX,Twenty-First Century Fox Class B,reports,Consumer Discretionary,Publishing,"New York, New York",2013/7/1,1308161
TSN,Tyson Foods,reports,Consumer Staples,Packaged Foods & Meats,"Springdale, Arkansas",,100493
TYC,Tyco International,reports,Industrials,Industrial Conglomerates,"Schaffhausen, Switzerland",2010/8/27,833444
USB,U.S. Bancorp,reports,Financials,Banks,"Minneapolis, Minnesota",,36104
UA,Under Armour,reports,Consumer Discretionary,"Apparel, Accessories & Luxury Goods","Baltimore, Maryland",2014/5/1,1336917
UNP,Union Pacific,reports,Industrials,Railroads,"Omaha, Nebraska",,100885
UAL,United Continental Holdings,reports,Industrials,Airlines,"Chicago, Illinois",2015/9/3,100517
UNH,United Health Group Inc.,reports,Health Care,Managed Health Care,"Minnetonka, Minnesota",1994/7/1,731766
UPS,United Parcel Service,reports,Industrials,Air Freight & Logistics,"Atlanta, Georgia",,1090727
URI,"United Rentals, Inc.",reports,Industrials,Trading Companies & Distributors,"Stamford, Connecticut",2014/9/20,1067701
UTX,United Technologies,reports,Industrials,Industrial Conglomerates,"Hartford, Connecticut",,101829
UHS,"Universal Health Services, Inc.",reports,Health Care,Health Care Facilities,"King of Prussia, Pennsylvania",2014/9/20,352915
UNM,Unum Group,reports,Financials,Diversified Financial Services,"Chattanooga, Tennessee",1994/3/1,5513
URBN,Urban Outfitters,reports,Consumer Discretionary,Apparel Retail,"Philadelphia, Pennsylvania",2010/2/8,912615
VFC,V.F. Corp.,reports,Consumer Discretionary,"Apparel, Accessories & Luxury Goods","Greensboro, North Carolina",1979/6/30,103379
VLO,Valero Energy,reports,Energy,Oil & Gas Refining & Marketing & Transportation,"San Antonio, Texas",,1035002
VAR,Varian Medical Systems,reports,Health Care,Health Care Equipment & Services,"Palo Alto, California",2007/2/12,203527
VTR,Ventas Inc,reports,Financials,Diversified Financial Services,"Chicago, Illinois",2009/3/4,740260
VRSN,Verisign Inc.,reports,Information Technology,Internet Software & Services,"Dulles, Virginia",,1014473
VRSK,Verisk Analytics,reports,Industrials,Research & Consulting Services,"Jersey City, New Jersey",2015/10/8,1442145
VZ,Verizon Communications,reports,Telecommunications Services,Integrated Telecommunications Services,"New York, New York",1983/11/30,732712
VRTX,Vertex Pharmaceuticals Inc,reports,Health Care,Biotechnology,"Cambridge, Massachusetts",2013/9/23,875320
VIAB,Viacom Inc.,reports,Consumer Discretionary,Broadcasting & Cable TV,"New York, New York",,1339947
V,Visa Inc.,reports,Information Technology,Internet Software & Services,"San Francisco, California",2009/12/21,1403161
VNO,Vornado Realty Trust,reports,Financials,REITs,"New York, New York",,899689
VMC,Vulcan Materials,reports,Materials,Construction Materials,"Birmingham, Alabama",,1396009
WMT,Wal-Mart Stores,reports,Consumer Staples,Hypermarkets & Super Centers,"Bentonville, Arkansas",1982/8/31,104169
WBA,Walgreens Boots Alliance,reports,Consumer Staples,Drug Retail,"Deerfield, Illinois",1979/12/31,104207
DIS,The Walt Disney Company,reports,Consumer Discretionary,Broadcasting & Cable TV,"Burbank, California",1976/6/30,1001039
WM,Waste Management Inc.,reports,Industrials,Environmental Services,"Houston, Texas",,823768
WAT,Waters Corporation,reports,Health Care,Health Care Distributors & Services,"Milford, Massachusetts",,1000697
ANTM,Anthem Inc.,reports,Health Care,Managed Health Care,"Indianapolis, Indiana",,1156039
WFC,Wells Fargo,reports,Financials,Banks,"San Francisco, California",1976/6/30,72971
HCN,Welltower Inc.,reports,Financials,REITs,"Toledo, Ohio",2009/1/30,766704
WDC,Western Digital,reports,Information Technology,Computer Storage & Peripherals,"Irvine, California",2009/7/1,106040
WU,Western Union Co,reports,Information Technology,Internet Software & Services,"Englewood, Colorado",,1365135
WY,Weyerhaeuser Corp.,reports,Financials,REITs,"Federal Way, Washington",,106535
WHR,Whirlpool Corp.,reports,Consumer Discretionary,Household Appliances,"Benton Harbor, Michigan",,106640
WFM,Whole Foods Market,reports,Consumer Staples,Food Retail,"Austin, Texas",,865436
WMB,Williams Cos.,reports,Energy,Oil & Gas Exploration & Production,"Tulsa, Oklahoma",1975/3/31,107263
WEC,Wisconsin Energy Corporation,reports,Utilities,Electric Utilities,"Milwaukee, Wisconsin",2008/10/31,783325
WYN,Wyndham Worldwide,reports,Consumer Discretionary,"Hotels, Resorts & Cruise Lines","Parsippany, New Jersey",,1361658
WYNN,Wynn Resorts Ltd,reports,Consumer Discretionary,Casinos & Gaming,"Las Vegas, Nevada",2008/11/14,1174922
XEL,Xcel Energy Inc,reports,Utilities,MultiUtilities,"Minneapolis, Minnesota",,72903
XRX,Xerox Corp.,reports,Information Technology,IT Consulting & Services,"Norwalk, Connecticut",,108772
XLNX,Xilinx Inc,reports,Information Technology,Semiconductors,"San Jose, California",,743988
XL,XL Capital,reports,Financials,Property & Casualty Insurance,"Hamilton, Bermuda",,875159
XYL,Xylem Inc.,reports,Industrials,Industrial Conglomerates,"White Plains, New York",2011/11/1,1524472
YHOO,Yahoo Inc.,reports,Information Technology,Internet Software & Services,"Sunnyvale, California",,1011006
YUM,Yum! Brands Inc,reports,Consumer Discretionary,Restaurants,"Louisville, Kentucky",,1041061
ZBH,Zimmer Biomet Holdings,reports,Health Care,Health Care Equipment & Services,"Warsaw, Indiana",,1136869
ZION,Zions Bancorp,reports,Financials,Banks,"Salt Lake City, Utah",,109380
ZTS,Zoetis,reports,Health Care,Pharmaceuticals,"Florham Park, New Jersey",2013/6/21,1555280
